Code_Interne,Nom_Patient_FR,Nom_Patient_AR,Nom_Technique,Categorie_FR,Categorie_AR,Prix_Dhs,Pre_Analytique_FR,Pre_Analytique_AR,Description_Patient_FR,Description_Patient_AR,Tags_FR,Tags_AR,Nombre_Demandes
C  HBA1,Hémoglobine Glyquée (HbA1c),الهيموغلوبين السكري,HEMOGLOBINE GLYQUEE HBA1,Diabète,السكري,110,Jeûne non obligatoire.,الصيام غير إلزامي,Moyenne du sucre sur 3 mois. Suivi diabète.,متوسط السكر على 3 أشهر. متابعة السكري.,sucre; diabète; équilibre; hba1c; glycémie; contrôle,سكر; السكري; توازن; متابعة; غلوكوز,6433
H  NFS,NFS (Numération Sanguine),تعداد الدم الكامل,NUMERATION FORMULE-PLAQUE,Hématologie,أمراض الدم,88,Jeûne non obligatoire (éviter repas gras).,الصيام غير إلزامي (تجنب الوجبات الدسمة).,"Anémie, infection, plaquettes.",فقر الدم والالتهابات والصفائح الدموية.,anémie; infection; plaquettes; globules; fatigue; pâleur,فقر دم; عدوى; صفائح; كريات; تعب; شحوب,5824
C  GLY,Glycémie à jeun,سكر الدم صائم,GLYCEMIE A JEUN,Diabète,السكري,33,Strictement à jeun (8h min).,صيام إلزامي (8 ساعات على الأقل).,Dépistage du diabète.,فحص السكري.,sucre; diabète; dépistage; glycémie; jeun,سكر; السكري; فحص; صائم; غلوكوز,4800
C  CR,Créatinine (Reins),الكرياتينين,CREATININE,Bilan Rénal (Reins),فحص الكلى,33,Jeûne préférable.,يفضل الصيام.,Bilan de la fonction rénale.,فحص وظائف الكلى.,reins; rénale; filtration; urée; dialyse,كلى; كلوي; ترشيح; يوريا; غسيل,4191
C  U,Urée Sanguine,اليوريا,UREE,Bilan Rénal (Reins),فحص الكلى,33,Jeûne préférable.,يفضل الصيام.,Fonction rénale et hydratation.,وظائف الكلى والترطيب.,reins; rénale; hydratation; urée; créatinine,كلى; يوريا; ترطيب; كرياتينين,2750
N  TSH,TSH (Thyroïde),هرمون الغدة الدرقية,TSH us,Hormonologie,الهرمونات,275,De préférence le matin.,يفضل في الصباح.,"Dépistage thyroïde (Fatigue, poids).",فحص الغدة الدرقية (تعب ووزن).,thyroïde; fatigue; prise poids; gorge; hormones; tsh,غدة درقية; تعب; وزن; حلق; هرمونات,2727
C  CHOL,Cholestérol Total,الكوليسترول الكلي,CHOLESTEROL,Cardiologie,القلب والشرايين,33,Strictement à jeun (12h).,صيام إلزامي (12 ساعة).,Bilan lipidique de base.,فحص الدهون الأساسي.,cholestérol; lipides; cœur; artères; gras,كوليسترول; دهون; قلب; شرايين,2041
EZ ALAT,ALAT (Foie),إنزيمات الكبد ALAT,TGP (ALAT),Bilan Hépatique (Foie),فحص الكبد,55,Jeûne préférable.,يفضل الصيام.,Enzyme du foie.,إنزيم الكبد.,foie; hépatique; transaminases; alat; tgp; enzymes,كبد; إنزيمات; ترانساميناز,1844
EZ ASAT,ASAT (Foie),إنزيمات الكبد ASAT,TGO (ASAT),Bilan Hépatique (Foie),فحص الكبد,55,Jeûne préférable.,يفضل الصيام.,Enzyme du foie et muscles.,إنزيم الكبد والعضلات.,foie; hépatique; muscles; asat; tgo; enzymes; cœur,كبد; عضلات; قلب; إنزيمات,1822
C  CRP,CRP (Inflammation),بروتين سي التفاعلي,CRP,Inflammation,الالتهاب,110,Non à jeun.,بدون صيام.,Indicateur d'infection ou inflammation.,مؤشر العدوى أو الالتهاب.,infection; inflammation; fièvre; douleur; crp,عدوى; التهاب; حمى; ألم,1801
C  TRIG,Triglycérides,الدهون الثلاثية,TRIGLYCERIDES,Cardiologie,القلب والشرايين,66,"Strictement à jeun (12h). Alcool interdit 24h avant.","صيام إلزامي (12 ساعة). منع الكحول 24 ساعة قبل.","Graisses dans le sang (Risque cardiaque).",دهون في الدم (خطر القلب).,triglycérides; graisses; lipides; cœur; cholestérol,دهون ثلاثية; شحوم; قلب; كوليسترول,1699
I  FERR,Ferritine (Réserve de Fer),الفيريتين (مخزون الحديد),FERRITINE,Anémie/Fer,فقر الدم والحديد,275,À jeun de préférence.,يفضل الصيام.,"Dépistage carence en fer (Chute cheveux, fatigue).",فحص نقص الحديد (تساقط شعر وتعب).,fatigue; chute cheveux; pâleur; fer; anémie; ongles,تعب; سقوط شعر; شحوب; حديد; فقر دم,1482
C  HDL,Cholestérol HDL (Bon),الكوليسترول الجيد,CHOLESTEROL HDL,Cardiologie,القلب والشرايين,55,Strictement à jeun (12h).,صيام إلزامي (12 ساعة).,Le 'Bon' cholestérol protecteur.,الكوليسترول الجيد الواقي.,cholestérol; bon; hdl; protecteur; cœur,كوليسترول جيد; واقي; قلب,1263
C  ACU,Acide Urique (Goutte),حمض البوليك,ACIDE URIQUE,Rhumatologie,الروماتيزم,33,Jeûne préférable.,يفضل الصيام.,Dépistage de la Goutte.,فحص النقرس.,goutte; acide urique; articulations; douleur; orteil,نقرس; حمض بوليك; مفاصل; ألم,1255
HS TP,TP (Coagulation),زمن البروثرومبين,TAUX DE PROTHROMBINE,Coagulation,التخثر,44,Non à jeun. Préciser traitement anticoagulant.,بدون صيام. حدد علاج مضاد التخثر.,Surveillance fluidité du sang (Sintrom).,مراقبة سيولة الدم (سينتروم).,coagulation; sang; anticoagulant; sintrom; inr; tp,تخثر; دم; سيولة; سينتروم,1173
C  LDL,Cholestérol LDL (Mauvais),الكوليسترول الضار,CHOLESTEROL LDL,Cardiologie,القلب والشرايين,55,Calculé ou Dosé. À jeun.,محسوب أو مقاس. صائم.,Le 'Mauvais' cholestérol (Risque artères).,الكوليسترول الضار (خطر الشرايين).,cholestérol; mauvais; ldl; artères; cœur,كوليسترول ضار; سيء; شرايين; قلب,1160
HS TCK,Temps de Céphaline Kaolin,زمن السيفالين,Temps de Cephaline Kaolin,Coagulation,التخثر,44,Non à jeun.,بدون صيام.,Test de coagulation sanguine.,فحص تخثر الدم.,coagulation; sang; tck; hémophilie; saignement,تخثر; دم; نزيف; هيموفيليا,986
V  VITD,Vitamine D,فيتامين د,Vitamine 25 (OH) D2 et 25,Vitamines,الفيتامينات,495,Non à jeun.,بدون صيام.,"Santé des os, immunité, fatigue.",صحة العظام والمناعة والتعب.,vitamine d; os; calcium; fatigue; immunité; soleil,فيتامين د; عظام; كالسيوم; تعب; مناعة,877
T  GRS,Groupe Sanguin,فصيلة الدم,GROUPE SANGUIN RHESUS,Immuno-Hémato,المناعة والدم,66,Non à jeun. Carte d'identité nécessaire.,بدون صيام. البطاقة الوطنية ضرورية.,"Détermine le groupe (A, B, O) et Rhésus.",تحديد الفصيلة والريزوس.,groupe sanguin; rhésus; carte sang; a; b; o; ab,فصيلة دم; ريزوس; بطاقة دم,869
H  VS,Vitesse de Sédimentation (VS),سرعة الترسيب,VITESSE DE SEDIMENTATION,Inflammation,الالتهاب,33,Non à jeun.,بدون صيام.,Marqueur d'inflammation lent.,مؤشر التهاب بطيء.,inflammation; vs; infection; douleur,التهاب; ترسيب; عدوى; ألم,854
EZ GGT,Gamma GT,غاما جي تي,GAMMA G.T.,Bilan Hépatique (Foie),فحص الكبد,55,Jeûne préférable.,يفضل الصيام.,"Marqueur foie (Alcool, médicaments).",مؤشر الكبد (كحول وأدوية).,foie; alcool; médicaments; ggt; gamma; enzymes,كبد; كحول; أدوية; إنزيمات,781
MT PSA,PSA Total (Prostate),مستضد البروستاتا,PSA (PROSTATIC SPECIFIC A,Cancer,السرطان,330,Éviter vélo/rapports 48h avant.,تجنب الدراجة/العلاقة 48 ساعة قبل.,"Dépistage prostate (Hommes >50 ans).",فحص البروستاتا (رجال فوق 50).,prostate; psa; cancer; hommes; urine; nuit,بروستاتا; سرطان; رجال; بول; ليل,762
B  CBU,ECBU (Examen Urines),فحص البول,ECBU,Bactériologie,البكتيريا,99,"Urines du matin, flacon stérile, toilette intime.","بول الصباح، علبة معقمة، نظافة حميمية.",Recherche infection urinaire.,فحص عدوى بولية.,cystite; infection urinaire; brûlures; urines; sang; pus,التهاب المثانة; عدوى بولية; حرقان; بول,737
N  T4L,T4 Libre,هرمون T4 الحر,T4 LIBRE (FT4),Hormonologie,الهرمونات,220,"Le matin, avant prise de Levothyrox.","صباحا، قبل أخذ ليفوثيروكس.",Bilan thyroïdien approfondi.,فحص الغدة الدرقية المفصل.,thyroïde; t4; hormones; fatigue; levothyrox,غدة درقية; هرمون; تعب; ليفوثيروكس,579
C  K,Potassium,البوتاسيوم,POTASSIUM,Bilan Général,فحص عام,33,"Jeûne préférable, éviter hémolyse.",يفضل الصيام. تجنب انحلال الدم.,Important pour le cœur.,مهم للقلب.,potassium; cœur; rythme; crampes; fatigue,بوتاسيوم; قلب; إيقاع; تشنج,557
C  IONO,Ionogramme Sanguin,الأيونات,IONOGRAMME,Bilan Général,فحص عام,110,Jeûne préférable.,يفضل الصيام.,"Sels minéraux (Sodium, Potassium, Chlore).",الأملاح المعدنية (صوديوم وبوتاسيوم).,ionogramme; sels; sodium; potassium; chlore; minéraux,أيونات; أملاح; صوديوم; بوتاسيوم,501
SE VDRL,VDRL (Syphilis),فحص الزهري VDRL,VDRL SANGUIN,MST,الأمراض المنقولة جنسيا,22,Non à jeun.,بدون صيام.,Dépistage Syphilis.,فحص الزهري.,syphilis; mst; vdrl; ist; dépistage,زهري; أمراض جنسية; فحص,412
B  CPR1,Coproparasitologie,فحص طفيليات البراز,COPROPARASITOLOGIE,Parasitologie,الطفيليات,110,Selles fraîches. Éviter huile de paraffine.,براز طازج. تجنب زيت البارافين.,Recherche parasites dans les selles.,فحص الطفيليات في البراز.,parasites; vers; selles; diarrhée; ventre,طفيليات; ديدان; براز; إسهال; بطن,396
EU MIA,Microalbuminurie,زلال البول الدقيق,MICROALBUMINURIE,Bilan Rénal (Reins),فحص الكلى,132,Urines du matin.,بول الصباح.,Dépistage précoce atteinte rénale (diabète).,فحص مبكر لأضرار الكلى (سكري).,reins; albumine; diabète; protéines; urines,كلى; ألبومين; السكري; بروتينات; بول,386
SE TPHA,TPHA (Syphilis),فحص الزهري TPHA,TPHA SANGUIN,MST,الأمراض المنقولة جنسيا,55,Non à jeun.,بدون صيام.,Confirmation Syphilis.,تأكيد الزهري.,syphilis; mst; tpha; confirmation; ist,زهري; أمراض جنسية; تأكيد,381
C  CA,Calcium,الكالسيوم,CALCIUM,Bilan Général,فحص عام,33,Jeûne préférable.,يفضل الصيام.,Bilan des os et parathyroïde.,فحص العظام والغدة جارات الدرقية.,calcium; os; parathyroïde; ostéoporose; vitamine d,كالسيوم; عظام; هشاشة; فيتامين د,373
C  LDLD,Cholestérol LDL,الكوليسترول الضار,CHOLESTEROL LDL,Cardiologie,القلب والشرايين,55,Calculé ou Dosé. À jeun.,محسوب أو مقاس. صائم.,Le 'Mauvais' cholestérol (Risque artères).,الكوليسترول الضار (خطر الشرايين).,cholestérol; mauvais; ldl; artères; cœur,كوليسترول ضار; شرايين; قلب,369
C  NA,Sodium,الصوديوم,SODIUM,Bilan Général,فحص عام,33,Jeûne préférable.,يفضل الصيام.,Équilibre hydrique et tension.,توازن السوائل والضغط.,sodium; sel; tension; œdème; déshydratation,صوديوم; ملح; ضغط; وذمة; جفاف,364
EZ PAL,Phosphatases Alcalines,الفوسفاتاز القلوي,PHOSPH ALCALINES,Bilan Hépatique (Foie),فحص الكبد,55,Jeûne préférable.,يفضل الصيام.,Enzyme du foie et des os.,إنزيم الكبد والعظام.,foie; os; phosphatase; enzymes; pal,كبد; عظام; إنزيمات; فوسفاتاز,350
S  HBV,Hépatite B (Ag HBs),التهاب الكبد ب,HEPATITE B,Sérologie,الفيروسات,132,Non à jeun.,بدون صيام.,Dépistage virus Hépatite B.,فحص فيروس الكبد ب.,hépatite; foie; hépatite b; virus; vaccin; hbs,التهاب كبد; كبد وبائي ب; فيروس,340
S  HVC,Hépatite C (Ac VHC),التهاب الكبد س,HEPATITE C,Sérologie,الفيروسات,330,Non à jeun.,بدون صيام.,Dépistage virus Hépatite C.,فحص فيروس الكبد س.,hépatite; foie; hépatite c; virus; hcv,التهاب كبد; كبد وبائي س; فيروس,322
HS TPIN,Taux De Prothrombine,زمن البروثرومبين,TAUX DE PROTHROMBINE,Coagulation,التخثر,44,Non à jeun.,بدون صيام.,Test de coagulation.,فحص التخثر.,coagulation; tp; inr; sang; anticoagulant,تخثر; سيولة; دم,308
C  BILI,Bilirubine,البيليروبين,BILIRUBINE,Bilan Hépatique (Foie),فحص الكبد,77,Jeûne préférable.,يفضل الصيام.,Pigment biliaire (jaunisse).,صبغة الصفراء (يرقان).,bilirubine; jaunisse; foie; ictère; yeux jaunes,بيليروبين; يرقان; كبد; اصفرار عيون,261
H  COM1,Commentaire Hémato,تعليق أمراض الدم,Commentaire hémato,Hématologie,أمراض الدم,0,Non applicable.,غير قابل للتطبيق.,Commentaire du médecin biologiste.,تعليق الطبيب البيولوجي.,commentaire; analyse; médecin; résultat,تعليق; تحليل; طبيب; نتيجة,257
S  HIV,Anticorps Anti VIH,أجسام مضادة للسيدا,ANTICORPS ANTI HIV,Sérologie,الفيروسات,220,Non à jeun. Confidentiel.,بدون صيام. سري.,Dépistage VIH/SIDA.,فحص السيدا.,vih; sida; hiv; ist; mst; dépistage,سيدا; فيروس; فحص; أمراض جنسية,230
I  TROP,Troponine Ic,التروبونين,TROPONINE Ic,Cardiologie,القلب والشرايين,275,Urgence. Non à jeun.,طوارئ. بدون صيام.,Marqueur d'infarctus du myocarde.,مؤشر احتشاء عضلة القلب.,infarctus; cœur; douleur thoracique; troponine; urgence,احتشاء; قلب; ألم صدر; طوارئ,219
EZ LIPA,Lipases,الليباز,LIPASES,Bilan Hépatique (Foie),فحص الكبد,0,Jeûne préférable.,يفضل الصيام.,Enzyme du pancréas.,إنزيم البنكرياس.,lipase; pancréas; douleur abdominale; enzymes,ليباز; بنكرياس; ألم بطن; إنزيمات,204
SE TOXO,Sérologie Toxoplasmose,فحص داء القطط,SERO TOXOPLASMOSE,Sérologie,الفيروسات,110,Non à jeun. Important grossesse.,بدون صيام. مهم للحمل.,Dépistage toxoplasmose (grossesse).,فحص داء القطط (حمل).,toxoplasmose; grossesse; chat; femme enceinte,داء القطط; حمل; قطة; حامل,183
EU RAAC,Rapport Microalbuminurie/Créatinine,نسبة الزلال للكرياتينين,Rapport Microalbuminurie,Bilan Rénal (Reins),فحص الكلى,165,Urines du matin.,بول الصباح.,Ratio albuminurie (diabète).,نسبة الزلال (سكري).,reins; diabète; albumine; créatinine; urines,كلى; السكري; ألبومين; كرياتينين,181
S  HVAM,Sérologie Hépatite A (IgM),التهاب الكبد أ IgM,SERO HEPATITE A (IGM),Sérologie,الفيروسات,275,Non à jeun.,بدون صيام.,Infection récente Hépatite A.,عدوى حديثة لالتهاب الكبد أ.,hépatite; hépatite a; foie; igm; infection,التهاب كبد أ; كبد; عدوى حديثة,146
M  DROG,Recherche Des Drogues Urinaires,فحص المخدرات في البول,RECHERCHE DES DROGUES URI,Toxicologie,السموم والمخدرات,0,Urines fraîches.,بول طازج.,Dépistage de substances illicites.,فحص المواد المخدرة.,drogues; cannabis; urines; toxicologie; dépistage,مخدرات; حشيش; بول; سموم,142
EU A24H,Albumine 24H,زلال البول 24 ساعة,ALBUMINE 24 H,Bilan Rénal (Reins),فحص الكلى,0,Recueil urines 24h.,جمع بول 24 ساعة.,Protéines urinaires sur 24h.,بروتينات البول على 24 ساعة.,albumine; protéines; urines; reins; 24h,ألبومين; بروتينات; بول; كلى,142
C  ALBS,Albumine,الألبومين,ALBUMINE,Bilan Hépatique (Foie),فحص الكبد,66,Jeûne préférable.,يفضل الصيام.,Protéine du foie.,بروتين الكبد.,albumine; foie; protéines; nutrition,ألبومين; كبد; بروتينات; تغذية,134
B  HELE,Hélicobacter Pylori (Selles),جرثومة المعدة في البراز,HELICOBACTER PYLORI  DANS,Bactériologie,البكتيريا,330,Pas d'antibiotiques/IPP récents.,لا مضادات حيوية/مثبط مضخة الحديثة.,Recherche bactérie de l'estomac.,فحص جرثومة المعدة.,helicobacter; estomac; ulcère; gastrite; douleur,جرثومة معدة; معدة; قرحة; ألم,134
T  GRSG,Groupe Sanguin Rhésus (grossesse),فصيلة الدم (حمل),GROUPE SANGUIN RHESUS  (g,Immuno-Hémato,المناعة والدم,66,Non à jeun. Pour femme enceinte.,بدون صيام. للحامل.,Groupe sanguin pour grossesse.,فصيلة الدم للحمل.,groupe sanguin; rhésus; grossesse; femme enceinte,فصيلة دم; ريزوس; حمل; حامل,130
C  P,Phosphore,الفوسفور,PHOSPHORE,Bilan Général,فحص عام,44,Jeûne préférable.,يفضل الصيام.,Bilan minéral osseux.,فحص المعادن العظمية.,phosphore; os; calcium; parathyroïde; reins,فوسفور; عظام; كالسيوم; كلى,125
EU CLCR,Clairance à la Créatinine,تصفية الكرياتينين,CLAIRANCE A LA CREATININE,Bilan Rénal (Reins),فحص الكلى,55,Urines 24h + prise de sang.,بول 24 ساعة + عينة دم.,Filtration rénale précise.,ترشيح الكلى الدقيق.,clairance; filtration; reins; créatinine; débit,تصفية; ترشيح; كلى; كرياتينين,123
SE RUB,Rubéole IgG,الحصبة الألمانية IgG,RUBEOLE IgG,Sérologie,الفيروسات,0,Non à jeun. Bilan grossesse.,بدون صيام. فحص الحمل.,Immunité rubéole (grossesse).,مناعة الحصبة الألمانية (حمل).,rubéole; grossesse; immunité; vaccin; femme,حصبة ألمانية; حمل; مناعة; لقاح,123
ST TG,Bêta-HCG (Grossesse),هرمون الحمل,TEST DE GROSSESSE,Grossesse,الحمل,110,Non à jeun.,بدون صيام.,Diagnostic précis de grossesse (date).,تشخيص دقيق للحمل (تاريخ).,retard règles; enceinte; nausées; grossesse; hcg,تأخر الدورة; حامل; غثيان; حمل,120
S  HIVM,Anticorps Anti VIH (MSC),أجسام مضادة للسيدا,ANTICORPS ANTI HIV (MSC),Sérologie,الفيروسات,234.3,Non à jeun. Confidentiel.,بدون صيام. سري.,Dépistage VIH/SIDA.,فحص السيدا.,vih; sida; hiv; ist; mst; dépistage,سيدا; فيروس; فحص; أمراض جنسية,119
AI TRES,Test Respiratoire à l'Urée,اختبار التنفس لليوريا,TEST RESPIRATOIRE A L'URE,Bactériologie,البكتيريا,599.5,À jeun. Arrêt IPP 15 jours avant.,صائم. إيقاف مثبط مضخة 15 يوما.,Test H. pylori par respiration.,فحص جرثومة المعدة بالتنفس.,helicobacter; estomac; souffle; test respiratoire,جرثومة معدة; تنفس; اختبار نفس,118
I  TRAA,Ac Anti-Transglutaminase IgA,أجسام مضادة للترانسغلوتاميناز,AC ANTI TRANSGLUTAMINASE A,Immunologie,المناعة,291.5,Non à jeun.,بدون صيام.,Dépistage maladie cœliaque.,فحص الداء الزلاقي.,cœliaque; gluten; intestin; diarrhée; ventre,داء زلاقي; غلوتين; أمعاء; إسهال,114
B  ATBB,Antibiogramme B-,مضادات حيوية B-,ANTIBIOGRAMME B-,Bactériologie,البكتيريا,0,Selon prélèvement.,حسب العينة.,Test de résistance aux antibiotiques.,فحص مقاومة المضادات الحيوية.,antibiogramme; antibiotiques; résistance; bactérie,مضادات حيوية; مقاومة; بكتيريا,112
ZB ATB,Antibiogramme,مضادات حيوية,ANTIBIOGRAMME,Bactériologie,البكتيريا,0,Selon prélèvement.,حسب العينة.,Test de sensibilité aux antibiotiques.,فحص حساسية المضادات الحيوية.,antibiogramme; antibiotiques; bactérie; résistance,مضادات حيوية; بكتيريا; مقاومة,109
C  LATX,Test au Latex,اختبار اللاتكس,TEST AU LATEX,Rhumatologie,الروماتيزم,55,Non à jeun.,بدون صيام.,Facteur rhumatoïde (polyarthrite).,عامل الروماتويد (التهاب مفاصل).,latex; rhumatoïde; polyarthrite; articulations,لاتكس; روماتويد; مفاصل; التهاب,107
C  WR,Waaler Rose,واألر روز,WAALER ROSE,Rhumatologie,الروماتيزم,55,Non à jeun.,بدون صيام.,Facteur rhumatoïde (polyarthrite).,عامل الروماتويد (التهاب مفاصل).,waaler; rhumatoïde; polyarthrite; articulations,واألر روز; روماتويد; مفاصل,107
HS DDIM,D-Dimères,دي دايمر,D DIMERE,Coagulation,التخثر,242,Non à jeun.,بدون صيام.,Dépistage thrombose ou embolie.,فحص الجلطة أو الانسداد.,d-dimères; thrombose; embolie; caillot; poumon,دي دايمر; جلطة; انسداد; رئة,106
EU RALB,Recherche Albumine,بحث عن الألبومين,RECHERCHE ALBUMINE,Bilan Rénal (Reins),فحص الكلى,22,Urines fraîches.,بول طازج.,Dépistage protéines dans urines.,فحص البروتينات في البول.,albumine; protéines; urines; reins,ألبومين; بروتينات; بول; كلى,98
MT ACE,ACE (Marqueur Tumoral),مستضد سرطاني ACE,ACE,Cancer,السرطان,275,Jeûne préférable.,يفضل الصيام.,Marqueur tumoral digestif.,مؤشر ورم هضمي.,ace; cancer; tumeur; côlon; digestif,ايس; سرطان; ورم; قولون; هضمي,98
EU RSUC,Recherche Sucre,بحث عن السكر,RECHERCHE SUCRE,Diabète,السكري,11,Urines fraîches.,بول طازج.,Dépistage sucre dans urines.,فحص السكر في البول.,sucre; urines; diabète; glycosurie,سكر; بول; السكري,94
N  INS,Insuline,الأنسولين,INSULINE,Hormonologie,الهرمونات,330,À jeun strict. Préciser heure.,صيام صارم. حدد الوقت.,Hormone du diabète.,هرمون السكري.,insuline; diabète; pancréas; glycémie; résistance,أنسولين; السكري; بنكرياس; مقاومة,94
EU ACT,Acétone Urines,الأسيتون في البول,ACETONE URINES,Diabète,السكري,11,Urines fraîches.,بول طازج.,Recherche corps cétoniques.,بحث عن الأجسام الكيتونية.,acétone; cétone; diabète; urines; acidose,أسيتون; كيتون; السكري; بول,93
B  RSU,Recherche De Sang Dans Les Selles,بحث عن الدم في البراز,RECHERCHE DE SANG DANS LE,Bactériologie,البكتيريا,33,Selles fraîches. Éviter viande rouge.,براز طازج. تجنب اللحم الأحمر.,Dépistage saignement digestif.,فحص النزيف الهضمي.,sang; selles; hémorragie; côlon; cancer,دم; براز; نزيف; قولون; سرطان,93
S  HELI,Anticorps Anti-Helicobacter,أجسام مضادة لجرثومة المعدة,ANTICORPS ANTI-HELICOBACT,Sérologie,الفيروسات,198,Non à jeun.,بدون صيام.,Sérologie H. pylori.,فحص جرثومة المعدة.,helicobacter; estomac; anticorps; ulcère,جرثومة معدة; أجسام مضادة; قرحة,90
B  CALP,Calprotectine Dans Les Selles,الكالبروتيكتين في البراز,CALPROTECTINE DANS LES SE,Bactériologie,البكتيريا,599.5,Selles fraîches.,براز طازج.,Inflammation intestinale (Crohn).,التهاب الأمعاء (كرون).,calprotectine; crohn; colite; intestin; diarrhée,كالبروتيكتين; كرون; التهاب أمعاء; إسهال,90
EU RLEU,Recherche Des Leucocytes,بحث عن الكريات البيضاء,RECHERCHE DES  LEUCOCYTES,Bactériologie,البكتيريا,11,Urines fraîches.,بول طازج.,Leucocytes dans urines.,كريات بيضاء في البول.,leucocytes; urines; infection; globules blancs,كريات بيضاء; بول; عدوى,89
EU NITR,Nitrites Urines,النتريت في البول,NITRITES URINES,Bactériologie,البكتيريا,33,Urines du matin.,بول الصباح.,Infection urinaire (dépistage).,عدوى بولية (فحص).,nitrites; urines; infection; bactéries,نتريت; بول; عدوى; بكتيريا,89
V  VB12,Vitamine B12,فيتامين ب12,VITAMINE B12,Vitamines,الفيتامينات,440,Non à jeun.,بدون صيام.,Anémie et troubles neurologiques.,فقر الدم واضطرابات عصبية.,vitamine b12; anémie; fatigue; nerfs; fourmillements,فيتامين ب12; فقر دم; تعب; أعصاب,87
B  CBO,Examen Cytobactériologique,فحص خلوي بكتيري,EXAMEN CYTOBACTERIOLOGIQU,Bactériologie,البكتيريا,154,Selon prélèvement.,حسب العينة.,Culture bactérienne autre prélèvement.,زرع بكتيري لعينة أخرى.,culture; bactérie; infection; prélèvement,زرع; بكتيريا; عدوى; عينة,82
N  T3L,T3 Libre,هرمون T3 الحر,T3LIBRE (FT3),Hormonologie,الهرمونات,330,Le matin de préférence.,صباحا يفضل.,Hormone thyroïdienne.,هرمون الغدة الدرقية.,t3; thyroïde; hormones; hyperthyroïdie,هرمون ت3; غدة درقية; فرط نشاط,81
SP SPRG,Spermogramme,فحص السائل المنوي,SPERMOGRAMME,Fertilité,الخصوبة,135.3,Abstinence 3 à 5 jours obligatoire. Au labo.,امتناع 3 إلى 5 أيام إلزامي. في المختبر.,Bilan de fertilité masculine.,فحص الخصوبة الذكورية.,spermogramme; fertilité; sperme; infertilité; hommes,حيوانات منوية; خصوبة; عقم; رجال,81
N  HOMA,HOMA Test,اختبار هوما,HOMA TEST,Diabète,السكري,0,À jeun. Glycémie + Insuline.,صائم. سكر + أنسولين.,Résistance à l'insuline.,مقاومة الأنسولين.,homa; insuline; résistance; diabète; prédiabète,هوما; أنسولين; مقاومة; السكري,81
B  BK,Recherche De BK,بحث عن عصية كوخ,RECHERCHE DE BK,Bactériologie,البكتيريا,71.5,Crachats du matin. 3 jours.,بلغم الصباح. 3 أيام.,Dépistage tuberculose.,فحص السل.,bk; tuberculose; poumons; toux; crachats,عصية كوخ; سل; رئة; سعال; بلغم,75
C  CL,Chlore,الكلور,CHLORE,Bilan Général,فحص عام,33,Jeûne préférable.,يفضل الصيام.,Électrolyte sanguin.,إلكتروليت الدم.,chlore; électrolytes; sel; sodium,كلور; إلكتروليت; ملح; صوديوم,75
B  PARA,Examen Parasitologique,فحص طفيليات,EXAMEN PARASITOLOGIQUE,Parasitologie,الطفيليات,44,Selles fraîches.,براز طازج.,Recherche parasites.,فحص الطفيليات.,parasites; selles; vers; amibes,طفيليات; براز; ديدان; أميبا,72
MT CA15,Antigène CA 15-3,مستضد CA 15-3,ANTIGENE CA 15-3,Cancer,السرطان,440,Non à jeun.,بدون صيام.,Marqueur cancer du sein.,مؤشر سرطان الثدي.,ca15-3; cancer; sein; tumeur; femmes,كا15-3; سرطان; ثدي; ورم; نساء,71
B  RCHL,Recherche Directe De Chlamydia,بحث مباشر عن الكلاميديا,RECHERCHE DIRECT DE CHLAM,Bactériologie,البكتيريا,220,Prélèvement génital.,عينة تناسلية.,Dépistage infection Chlamydia.,فحص عدوى الكلاميديا.,chlamydia; mst; ist; génitale; brûlures,كلاميديا; أمراض جنسية; تناسلية,71
B  RMYC,Recherche Directe De Mycoplasme,بحث مباشر عن الميكوبلازما,RECHERCHE DIRECT DE MYCOP,Bactériologie,البكتيريا,22,Prélèvement génital.,عينة تناسلية.,Dépistage Mycoplasme.,فحص الميكوبلازما.,mycoplasme; mst; ist; génitale,ميكوبلازما; أمراض جنسية; تناسلية,70
I  ANC,Ac Anti-Nucléaires,أجسام مضادة للنوى,AC ANTI-NUCLEAIRES,Immunologie,المناعة,165,Non à jeun.,بدون صيام.,Dépistage maladies auto-immunes.,فحص أمراض المناعة الذاتية.,auto-immun; lupus; anticorps; articulations,مناعة ذاتية; ذئبة; أجسام مضادة,68
I  PCAL,Procalcitonine,البروكالسيتونين,PROCALCITONINE,Inflammation,الالتهاب,440,Urgence. Non à jeun.,طوارئ. بدون صيام.,Infection bactérienne sévère.,عدوى بكتيرية شديدة.,procalcitonine; infection; sepsis; bactérie; urgence,بروكالسيتونين; عدوى; تعفن; بكتيريا,66
C  ASLO,ASLO,أجسام مضادة ستربتوكوك,ASLO,Immunologie,المناعة,0,Non à jeun.,بدون صيام.,Infection streptocoque (angine).,عدوى المكورات العقدية (التهاب حلق).,aslo; streptocoque; angine; rhumatisme; cœur,أسلو; مكورات; التهاب حلق; روماتيزم,65
C  GLYP,Glycémie Post-Prandiale,سكر الدم بعد الأكل,Glycémie post prandiale,Diabète,السكري,0,2h après repas.,ساعتان بعد الأكل.,Glycémie après repas.,سكر الدم بعد الوجبة.,sucre; diabète; post-prandial; après repas,سكر; السكري; بعد أكل,65
MT CA19,Antigène CA 19-9,مستضد CA 19-9,ANTIGENE CA 19-9,Cancer,السرطان,0,Non à jeun.,بدون صيام.,Marqueur cancer pancréas/digestif.,مؤشر سرطان البنكرياس والهضمي.,ca19-9; cancer; pancréas; digestif; tumeur,كا19-9; سرطان; بنكرياس; ورم,62
N  PROL,Prolactine,البرولاكتين,PROLACTINE,Hormonologie,الهرمونات,0,Le matin. Éviter stress.,صباحا. تجنب الضغط.,Hormone de lactation.,هرمون الحليب.,prolactine; lait; allaitement; règles; fertilité,برولاكتين; حليب; رضاعة; دورة; خصوبة,61
N  TPO,Anticorps Anti-Thyroperoxydase,أجسام مضادة ضد الغدة,ANTICORPS ANTI -THYROPERO,Immunologie,المناعة,0,Non à jeun.,بدون صيام.,Maladie auto-immune thyroïdienne.,مرض مناعة ذاتية للغدة الدرقية.,tpo; thyroïde; hashimoto; auto-immun; anticorps,مضادات غدة درقية; هاشيموتو; مناعة,60
C  MG,Magnésium Sérique,المغنيسيوم,MAGNESIUM SERIQUE,Bilan Général,فحص عام,0,Jeûne préférable.,يفضل الصيام.,Bilan minéral.,فحص المعادن.,magnésium; crampes; fatigue; minéraux,مغنيسيوم; تشنج; تعب; معادن,60
U  BILU,Bilirubine Urinaire,البيليروبين في البول,BILIRUBINE URINAIRE,Bilan Hépatique (Foie),فحص الكبد,0,Urines fraîches.,بول طازج.,Dépistage ictère.,فحص اليرقان.,bilirubine; urines; jaunisse; ictère; foie,بيليروبين; بول; يرقان; كبد,58
N  TEST,Testostérone Sérique,هرمون الذكورة,TESTOSTERONE SERIQUE,Hormonologie,الهرمونات,0,Le matin entre 8-10h.,صباحا بين 8-10.,Hormone masculine.,هرمون الذكورة.,testostérone; hormone; hommes; libido; fertilité,تستوستيرون; هرمون; رجال; رغبة; خصوبة,57
C  EPP,Électrophorèse Des Protéines,رحلان البروتينات,ELECTROPHORESE DES PROTEI,Immunologie,المناعة,0,À jeun.,صائم.,Analyse des protéines sanguines.,تحليل البروتينات في الدم.,électrophorèse; protéines; myélome; gammapathie,رحلان; بروتينات; ميلوما,55
I  TRAG,Ac Anti-Transglutaminase IgG,أجسام مضادة ترانسغلوتاميناز IgG,AC  ANIT TRANSGLUTAMINASE,Immunologie,المناعة,0,Non à jeun.,بدون صيام.,Maladie cœliaque (IgG).,داء زلاقي (IgG).,cœliaque; gluten; intestin; transglutaminase,داء زلاقي; غلوتين; أمعاء,52
I  CCP,Ac Anti-CCP,أجسام مضادة CCP,AC ANTI CCP,Rhumatologie,الروماتيزم,0,Non à jeun.,بدون صيام.,Polyarthrite rhumatoïde.,التهاب المفاصل الروماتويدي.,ccp; polyarthrite; rhumatoïde; articulations,سي سي بي; روماتويد; مفاصل,52
EZ LDH,LDH,إنزيم LDH,LDH,Bilan Général,فحص عام,0,Jeûne préférable.,يفضل الصيام.,Enzyme tissulaire.,إنزيم الأنسجة.,ldh; enzyme; cœur; foie; muscles,إنزيم إل دي إتش; قلب; كبد; عضلات,50
EU RAPC,Rapport Protéinurie/Créatinine,نسبة البروتين للكرياتينين,rapport proteinurie créat,Bilan Rénal (Reins),فحص الكلى,0,Urines du matin.,بول الصباح.,Ratio protéines urinaires.,نسبة البروتينات البولية.,protéines; urines; reins; créatinine; ratio,بروتينات; بول; كلى; نسبة,50
C  ASP,Aspect Du Sérum,مظهر المصل,ASPECT DU SERUM,Bilan Général,فحص عام,0,Selon analyse.,حسب التحليل.,Observation visuelle du sérum.,ملاحظة بصرية للمصل.,aspect; sérum; lipémie; hémolyse,مظهر; مصل; دهون; انحلال,49
N  COR8,Cortisol 8H,الكورتيزول 8 صباحا,CORTISOL 8H,Hormonologie,الهرمونات,0,À 8h du matin. À jeun.,الساعة 8 صباحا. صائم.,Hormone du stress.,هرمون الضغط النفسي.,cortisol; stress; surrénale; fatigue; 8h,كورتيزول; ضغط; كظر; تعب,49
N  FSH,FSH Plasmatique,هرمون FSH,FSH PLASMATIQUE,Hormonologie,الهرمونات,0,Jour 3 du cycle pour femmes.,اليوم 3 من الدورة للنساء.,Hormone de fertilité.,هرمون الخصوبة.,fsh; fertilité; ovaires; ménopause; cycles,هرمون إف إس إتش; خصوبة; مبايض; دورة,47
B  PV,Prélèvement Vaginal,عينة مهبلية,PRELEVEMENT VAGINAL,Bactériologie,البكتيريا,0,Hors menstruation.,خارج الحيض.,Infection vaginale.,عدوى مهبلية.,prélèvement; vaginal; mycose; pertes; infection,عينة; مهبلية; فطريات; إفرازات; عدوى,47
I  BNP,BNP (Peptide Natriurétique),الببتيد الناتريوريتيك الدماغي,BRAIN NATRIURETIC PEPTIDE,Cardiologie,القلب والشرايين,0,Non à jeun.,بدون صيام.,Insuffisance cardiaque.,قصور القلب.,bnp; cœur; insuffisance; essoufflement,بي إن بي; قلب; قصور; ضيق نفس,47
N  HCG,Dosage d'HCG,جرعة هرمون الحمل,DOSAGE D'HCG,Grossesse,الحمل,0,Non à jeun.,بدون صيام.,Dosage grossesse quantitatif.,جرعة الحمل الكمية.,hcg; grossesse; hormone; enceinte; bêta,هرمون حمل; حامل; بيتا,46
V  VB9,Vitamine B9,فيتامين ب9,VITAMINE B9,Vitamines,الفيتامينات,0,Non à jeun.,بدون صيام.,Acide folique (anémie).,حمض الفوليك (فقر الدم).,vitamine b9; folate; acide folique; anémie; grossesse,فيتامين ب9; فوليك; فقر دم; حمل,46
B  ATBC,Antibiogramme C+,مضادات حيوية C+,ANTIBIOGRAMME C+,Bactériologie,البكتيريا,0,Selon prélèvement.,حسب العينة.,Test antibiotiques cocci+.,فحص مضادات للمكورات+.,antibiogramme; antibiotiques; cocci; staphylocoque,مضادات حيوية; مكورات; ستافيلوكوك,45
N  PTH,Parathormone,هرمون جارات الدرقية,PARATHORMONE,Hormonologie,الهرمونات,0,Le matin. À jeun.,صباحا. صائم.,Hormone du calcium.,هرمون الكالسيوم.,pth; parathyroïde; calcium; os; vitamine d,هرمون جارات; كالسيوم; عظام; فيتامين د,43
B  SPC,Spermoculture,زرع السائل المنوي,SPERMOCULTURE,Fertilité,الخصوبة,0,Stérile. Abstinence 3-5j.,معقم. امتناع 3-5 أيام.,Culture sperme.,زرع الحيوانات المنوية.,spermoculture; sperme; infection; fertilité,زرع منوي; حيوانات; عدوى; خصوبة,43
H  VS1,Vitesse De Sédimentation,سرعة الترسيب,VITESSE DE SEDIMENTATION,Inflammation,الالتهاب,0,Non à jeun.,بدون صيام.,Marqueur d'inflammation.,مؤشر الالتهاب.,vs; inflammation; infection; sédimentation,ترسيب; التهاب; عدوى,41
C  RA,Réserve Alcaline,الاحتياطي القلوي,RESERVE ALCALINE,Bilan Général,فحص عام,0,Jeûne préférable.,يفضل الصيام.,Équilibre acido-basique.,التوازن الحمضي القاعدي.,bicarbonates; réserve; acidose; alcaline,بيكربونات; احتياطي; حموضة; قاعدي,40
N  ATG,Ac Antithyroglobuline,أجسام مضادة للثيروغلوبولين,AC. ANTITHYROGLOBULINE,Immunologie,المناعة,0,Non à jeun.,بدون صيام.,Maladie thyroïdienne auto-immune.,مرض الغدة الدرقية المناعي.,atg; thyroïde; hashimoto; auto-immun; anticorps,مضادات غدة درقية; هاشيموتو; مناعة,40
B  RSS,Sang Dans Les Selles,الدم في البراز,SANG DS LES SELLES,Bactériologie,البكتيريا,0,Selles fraîches.,براز طازج.,Recherche sang occulte.,بحث عن الدم الخفي.,sang; selles; hémorragie; côlon; cancer,دم; براز; نزيف; قولون; سرطان,39
T  RAI,Recherche D'Agglutinines Irrégulières,بحث عن الأجسام المناعية غير المنتظمة,RECHERCHE D'AGGLUTININES,Immuno-Hémato,المناعة والدم,0,Non à jeun. Grossesse.,بدون صيام. حمل.,Anticorps anti-érythrocytaires (grossesse).,أجسام مضادة للكريات الحمراء (حمل).,rai; anticorps; grossesse; transfusion; rhésus,أجسام مناعية; حمل; نقل دم; ريزوس,38
EZ CPK,Créatinine Kinase (CPK),إنزيم الكرياتين كيناز,Créatinine kinase (CPK),Cardiologie,القلب والشرايين,0,Non à jeun. Éviter effort.,بدون صيام. تجنب المجهود.,Enzyme muscles et cœur.,إنزيم العضلات والقلب.,cpk; muscles; cœur; crampes; infarctus,سي بي كي; عضلات; قلب; تشنج,37
B  CBUM,ECBU MSC (IFAERO),فحص البول MSC,ECBU MSC ( IFAERO),Bactériologie,البكتيريا,0,"Urines du matin, flacon stérile.","بول الصباح، علبة معقمة.",ECBU spécialisé.,فحص بول متخصص.,ecbu; urines; infection; bactérie,فحص بول; عدوى; بكتيريا,35
C  CALI,Calcul Urinaire Infrarouge,تحليل حصوة بولية بالأشعة,CALCUL URINAIRE INFRAROUG,Bilan Rénal (Reins),فحص الكلى,0,Apporter le calcul.,إحضار الحصوة.,Analyse chimique du calcul.,تحليل كيميائي للحصوة.,calcul; pierre; reins; colique; néphrétique,حصوة; كلى; مغص; كلوي,33
N  AMH,Hormone Anti-Müllérienne,الهرمون المضاد لمولر,HORMONE ANTI MULLERIENNE,Hormonologie,الهرمونات,0,Non à jeun.,بدون صيام.,Réserve ovarienne.,احتياطي المبيض.,amh; fertilité; ovaires; fiv; réserve,هرمون مولر; خصوبة; مبايض; احتياطي,32
B  BK3,BK x3,عصية كوخ 3 مرات,BK *3,Bactériologie,البكتيريا,0,Crachats 3 jours consécutifs.,بلغم 3 أيام متتالية.,Recherche tuberculose (3 échantillons).,فحص السل (3 عينات).,bk; tuberculose; poumons; crachats; 3 fois,عصية كوخ; سل; رئة; بلغم,32
EU RBIL,Bilirubine Urines,البيليروبين في البول,BILIRUBINE URINES,Bilan Hépatique (Foie),فحص الكبد,0,Urines fraîches.,بول طازج.,Dépistage ictère.,فحص اليرقان.,bilirubine; urines; jaunisse; foie; ictère,بيليروبين; بول; يرقان; كبد,30
S  DPD,Uracilémie (Phénotypage DPD),اليوراسيليميا,URACILEMIE (phenotypage d,Génétique,الجينات,0,Non à jeun.,بدون صيام.,Test génétique avant chimiothérapie.,فحص جيني قبل العلاج الكيماوي.,dpd; génétique; chimiothérapie; cancer; toxicité,جينات; علاج كيماوي; سرطان; سمية,29
N  LH,LH Plasmatique,هرمون LH,LH PLASMATIQUE,Hormonologie,الهرمونات,0,Jour 3 du cycle pour femmes.,اليوم 3 من الدورة للنساء.,Hormone de fertilité.,هرمون الخصوبة.,lh; fertilité; ovulation; cycles; hormones,هرمون إل إتش; خصوبة; إباضة; دورة,28
C  HGPO,Hyperglycémie Provoquée Par Voie Orale,اختبار تحمل الغلوكوز,HYPERGLYCEMIE PROVOQUEE P,Diabète,السكري,0,À jeun. Test de 2h avec charge glucose.,صائم. اختبار ساعتين مع جرعة سكر.,Test diabète gestationnel.,فحص سكري الحمل.,hgpo; diabète; grossesse; glucose; test charge,اختبار تحمل; السكري; حمل; غلوكوز,27
C  FER,Fer,الحديد,FER,Anémie/Fer,فقر الدم والحديد,0,Le matin. À jeun.,صباحا. صائم.,Dosage fer sérique.,جرعة الحديد في الدم.,fer; anémie; fatigue; ferritine; hémoglobine,حديد; فقر دم; تعب; فيريتين,26
B  CBP3,ECB D'Un Prélèvement De Plaie,فحص بكتيري لجرح,ECB D'UN PRELEVEMENT DE P,Bactériologie,البكتيريا,0,Prélèvement stérile de plaie.,عينة معقمة من الجرح.,Culture plaie/abcès.,زرع جرح/خراج.,plaie; abcès; pus; infection; bactérie,جرح; خراج; صديد; عدوى; بكتيريا,25
S  AHBC,Anticorps HBc,أجسام مضادة HBc,ANTICORPS HBC,Sérologie,الفيروسات,0,Non à jeun.,بدون صيام.,Hépatite B (contact ancien).,التهاب الكبد ب (تماس قديم).,hépatite b; hbc; anticorps; foie; virus,التهاب كبد ب; أجسام مضادة; فيروس,24
BM HLAB,HLA B27,HLA B27,HLA B 27,Génétique,الجينات,0,Non à jeun.,بدون صيام.,Marqueur génétique (spondylarthrite).,مؤشر جيني (التهاب فقار).,hla; b27; génétique; spondylarthrite; articulations,إتش إل إيه; جينات; التهاب فقار,24
H  RETI,Réticulocytes,الخلايا الشبكية,RETICULOCYTES,Hématologie,أمراض الدم,0,Non à jeun.,بدون صيام.,Jeunes globules rouges.,كريات حمراء فتية.,réticulocytes; anémie; moelle; régénération,خلايا شبكية; فقر دم; نخاع; تجديد,23
C  PROT,Protéines,البروتينات,PROTEINES,Bilan Général,فحص عام,0,À jeun.,صائم.,Protéines totales.,البروتينات الكلية.,protéines; albumine; globulines; nutrition,بروتينات; ألبومين; تغذية,23
S  AHBS,Anticorps HBs,أجسام مضادة HBs,ANTICORPS HBS,Sérologie,الفيروسات,0,Non à jeun.,بدون صيام.,Immunité Hépatite B (vaccin).,مناعة التهاب الكبد ب (لقاح).,hépatite b; hbs; vaccin; immunité; anticorps,التهاب كبد ب; لقاح; مناعة; أجسام,23
MT CA12,CA125,مستضد CA125,CA125,Cancer,السرطان,0,Non à jeun.,بدون صيام.,Marqueur cancer ovaire.,مؤشر سرطان المبيض.,ca125; cancer; ovaire; tumeur; femmes,كا125; سرطان; مبيض; ورم; نساء,22
0  INFO,Informations Sur Ce Dossier,معلومات عن الملف,Informations sur ce dossi,Autre,آخر,0,Non applicable.,غير قابل للتطبيق.,Information administrative.,معلومة إدارية.,information; dossier; administration,معلومات; ملف; إدارة,22
EZ AMY,Amylase,الأميلاز,AMYLASE,Bilan Hépatique (Foie),فحص الكبد,0,Jeûne préférable.,يفضل الصيام.,Enzyme du pancréas.,إنزيم البنكرياس.,amylase; pancréas; douleur abdominale; enzymes,أميلاز; بنكرياس; ألم بطن; إنزيمات,20
BM QF,Quantiferon TB Gold IT,كوانتيفيرون للسل,QUANTIFERON TBGOLD IT,Bactériologie,البكتيريا,0,Non à jeun.,بدون صيام.,Dépistage tuberculose latente.,فحص السل الكامن.,quantiferon; tuberculose; sang; dépistage; latent,كوانتيفيرون; سل; دم; فحص; كامن,18
I  ADNA,Anticorps Anti-DNA,أجسام مضادة ضد DNA,ANTICORPS ANTI DNA,Immunologie,المناعة,0,Non à jeun.,بدون صيام.,Lupus érythémateux.,الذئبة الحمراء.,anti-dna; lupus; auto-immun; anticorps,مضادات دي إن إيه; ذئبة; مناعة ذاتية,17
Y  MUG,Étiquette Dossier,ملصق ملف,ETIQUETTE DOSSIER,Autre,آخر,0,Non applicable.,غير قابل للتطبيق.,Étiquette administrative.,ملصق إداري.,étiquette; dossier; administration,ملصق; ملف; إدارة,16
N  E2,Œstradiol,هرمون الإستروجين,OESTRADIOL,Hormonologie,الهرمونات,0,Jour 3 du cycle.,اليوم 3 من الدورة.,Hormone féminine.,هرمون أنثوي.,œstradiol; estrogène; fertilité; ménopause; cycles,إستروجين; خصوبة; دورة; انقطاع طمث,16
B  IDR,IDR,اختبار السل الجلدي,IDR,Bactériologie,البكتيريا,0,Injection intradermique. Lecture 72h.,حقن داخل الأدمة. قراءة 72 ساعة.,Test cutané tuberculose.,فحص جلدي للسل.,idr; tuberculose; peau; réaction; test,اختبار جلدي; سل; جلد; تفاعل,16
B  MYCO,Mycologie D'Un Prélèvement,فحص فطري,MYCOLOGIE D'UN PRELEVEMEN,Bactériologie,البكتيريا,0,Selon prélèvement.,حسب العينة.,Recherche champignons.,فحص الفطريات.,mycologie; champignons; mycose; ongles; peau,فطريات; مايكوز; أظافر; جلد,15
N  THYG,Thyroglobuline,الثيروغلوبولين,THYROGLOBULINE,Hormonologie,الهرمونات,0,Non à jeun.,بدون صيام.,Suivi cancer thyroïde.,متابعة سرطان الغدة الدرقية.,thyroglobuline; thyroïde; cancer; suivi,ثيروغلوبولين; غدة درقية; سرطان; متابعة,15
SP SPRC,Spermocytogramme,فحص أشكال الحيوانات المنوية,SPERMOCYTOGRAMME,Fertilité,الخصوبة,0,Complément du spermogramme.,مكمل لفحص السائل المنوي.,Analyse morphologie spermatozoïdes.,تحليل أشكال الحيوانات المنوية.,spermocytogramme; sperme; morphologie; fertilité,أشكال منوية; حيوانات; خصوبة,13
B  LCR,Liquide Céphalo-Rachidien,السائل الدماغي الشوكي,LIQUIDE CEPHALO-RACHIDIEN,Bactériologie,البكتيريا,0,Ponction lombaire.,بزل قطني.,Analyse LCR (méningite).,تحليل السائل الدماغي (التهاب سحايا).,lcr; méningite; ponction lombaire; cerveau,سائل دماغي; التهاب سحايا; بزل,13
N  ARTS,Ac Anti-Récepteur De La TSH,أجسام مضادة لمستقبل TSH,Ac Anti Recepteur de la T,Immunologie,المناعة,0,Non à jeun.,بدون صيام.,Maladie de Basedow.,مرض بازيدو.,tsh; basedow; thyroïde; anticorps; hyperthyroïdie,مضادات; غدة درقية; بازيدو; فرط نشاط,12
S  HSV,Infections À Herpes Simplex,فيروس الهربس,Infections à Herpes Simpl,Sérologie,الفيروسات,0,Non à jeun.,بدون صيام.,Sérologie Herpes.,فحص فيروس الهربس.,herpes; hsv; bouton fièvre; génital; virus,هربس; فيروس; قرحة; تناسلي,11
MT PSAL,Antigène Prostatique (Libre),مستضد البروستاتا (حر),ANTIGENE PROSTATIQUE (LIB,Cancer,السرطان,0,Éviter vélo/rapports 48h avant.,تجنب الدراجة/العلاقة 48 ساعة.,PSA libre.,بي إس إيه حر.,psa libre; prostate; cancer; ratio,بي إس إيه حر; بروستاتا; سرطان,11
I  IGA,Immunoglobulines A,الغلوبولينات المناعية A,IMMUNOGLOBULINES A,Immunologie,المناعة,0,Non à jeun.,بدون صيام.,Immunité muqueuses.,مناعة الأغشية المخاطية.,iga; immunoglobulines; immunité; infections,غلوبولين مناعي أ; مناعة; عدوى,11
BM ADNB,Qlfcat ADN Du VHB,DNA فيروس الكبد ب,QLFCAT ADN DU VHB,Génétique,الجينات,0,Non à jeun.,بدون صيام.,Charge virale Hépatite B.,الحمل الفيروسي لالتهاب الكبد ب.,hépatite b; adn; pcr; charge virale; virus,التهاب كبد ب; دي إن إيه; حمل فيروسي,11
EU CRU,Créatinine Urinaire,الكرياتينين في البول,CREATININE URINAIRE,Bilan Rénal (Reins),فحص الكلى,0,Urines 24h.,بول 24 ساعة.,Créatinine sur 24h.,كرياتينين على 24 ساعة.,créatinine; urines; reins; 24h,كرياتينين; بول; كلى; 24 ساعة,10
MT AFP,Alpha-Fœtoprotéine,بروتين ألفا الجنيني,ALPHA FOETO-PROTEINE.,Cancer,السرطان,0,Non à jeun.,بدون صيام.,Marqueur tumoral foie.,مؤشر ورم الكبد.,afp; cancer; foie; tumeur; grossesse,ألفا فيتو; سرطان; كبد; ورم; حمل,10
BM ARN2,PCR HVC,PCR فيروس الكبد س,PCRHVC,Génétique,الجينات,0,Non à jeun.,بدون صيام.,Charge virale Hépatite C.,الحمل الفيروسي لالتهاب الكبد س.,hépatite c; pcr; arn; charge virale; virus,التهاب كبد س; بي سي آر; حمل فيروسي,9
EZ CONV,Enzyme De Conversion,إنزيم التحويل,ENZYME DE CONVERSION,Cardiologie,القلب والشرايين,0,Non à jeun.,بدون صيام.,Hypertension artérielle.,ارتفاع ضغط الدم.,enzyme conversion; tension; ace; hypertension,إنزيم تحويل; ضغط; ارتفاع,9
HS FIB,Fibrinogène,الفيبرينوجين,FIBRINOGENE,Coagulation,التخثر,0,Non à jeun.,بدون صيام.,Facteur de coagulation.,عامل التخثر.,fibrinogène; coagulation; saignement; thrombose,فيبرينوجين; تخثر; نزيف; جلطة,9
B  ATBT,Antibiogramme,مضادات حيوية,ANTIBIOGRAMME,Bactériologie,البكتيريا,0,Selon prélèvement.,حسب العينة.,Sensibilité aux antibiotiques.,حساسية المضادات الحيوية.,antibiogramme; antibiotiques; résistance,مضادات حيوية; مقاومة,9
B  BKC,Recherche De BK + Culture,بحث عصية كوخ + زرع,RECHERCHE DE BK + CULTURE,Bactériologie,البكتيريا,0,Crachats + culture prolongée.,بلغم + زرع طويل.,Culture tuberculose.,زرع السل.,bk; tuberculose; culture; crachats; poumons,عصية كوخ; سل; زرع; بلغم,9
B  ASCI,Liquide D'Ascite,سائل الاستسقاء,LIQUIDE D'ASCITE,Bactériologie,البكتيريا,0,Ponction d'ascite.,بزل الاستسقاء.,Analyse liquide abdominal.,تحليل السائل البطني.,ascite; liquide; ventre; ponction; abdomen,استسقاء; سائل; بطن; بزل,8
A  CLAT,BMD-CLA Trophallergènes,اختبار الحساسية الغذائية,BMD-CLA TROPHALLERGENES,Allergie,الحساسية,0,Non à jeun.,بدون صيام.,Allergies alimentaires.,حساسية غذائية.,allergies; aliments; ige; alimentaire; intolérance,حساسية; أطعمة; أيجي; غذائية,8
N  COR,Cortisol 10H,الكورتيزول 10 صباحا,CORTISOL 10H,Hormonologie,الهرمونات,0,À 10h du matin.,الساعة 10 صباحا.,Cortisol à 10h.,كورتيزول الساعة 10.,cortisol; 10h; surrénale; stress,كورتيزول; 10 صباحا; كظر; ضغط,8
C  ZINC,Zinc,الزنك,ZINC,Bilan Général,فحص عام,0,Le matin. À jeun.,صباحا. صائم.,Oligoélément.,عنصر نزر.,zinc; oligoélément; immunité; cheveux,زنك; عنصر; مناعة; شعر,8
MT PSTL,PSA Libre/Totale,نسبة PSA حر/كلي,PSA LIBRE/TOTALE,Cancer,السرطان,0,Éviter vélo/rapports 48h avant.,تجنب الدراجة/العلاقة 48 ساعة.,Ratio PSA libre/total.,نسبة PSA حر/كلي.,psa; ratio; prostate; cancer; libre,نسبة بي إس إيه; بروستاتا; سرطان,8
C  IEP,Immuno-Électrophorèse,رحلان مناعي,IMMUNO ELECTROPHORESE,Immunologie,المناعة,0,À jeun.,صائم.,Analyse immunoglobulines.,تحليل الغلوبولينات المناعية.,immunoélectrophorèse; myélome; gammapathie,رحلان مناعي; ميلوما,8
N  D4AD,Delta 4 Androstènedione,هرمون أندروستينديون,DELTA 4 ANDROSTENEDIONE,Hormonologie,الهرمونات,0,Le matin.,صباحا.,Précurseur hormonal.,سليفة هرمونية.,androstènedione; hormones; androgènes,أندروستينديون; هرمونات; أندروجينات,7
BM NOW,Coronavirus SARS-CoV-2 (COVID),فيروس كورونا,CORONAVIRUS SARS COV2 (CO,Sérologie,الفيروسات,0,Non à jeun.,بدون صيام.,Test COVID-19.,فحص كوفيد-19.,covid; coronavirus; pcr; antigène; test,كوفيد; كورونا; فحص; اختبار,7
U  PH,pH,درجة الحموضة,PH,Bilan Général,فحص عام,0,Selon analyse.,حسب التحليل.,Mesure pH.,قياس الحموضة.,ph; acidité; alcalin; urinaire,حموضة; قلوي; بولي,7
I  MITO,Ac Anti-Mitochondries (Dépistage),أجسام مضادة للميتوكوندريا,AC ANTI MITOCHONDRIES DEP,Immunologie,المناعة,0,Non à jeun.,بدون صيام.,Cirrhose biliaire primitive.,تشمع صفراوي أولي.,mitochondries; cirrhose; foie; auto-immun,ميتوكوندريا; تشمع; كبد; مناعة,7
I  TAN,Test Antigénique COVID-19,اختبار المستضد كوفيد,Test Antigénique Covid 19,Sérologie,الفيروسات,0,Prélèvement nasal.,عينة أنفية.,Test rapide COVID.,فحص سريع كوفيد.,covid; antigène; test rapide; coronavirus,كوفيد; مستضد; فحص سريع; كورونا,7
B  PURE,Prélèvement Urétral,عينة إحليلية,PRELEVEMENT URETRAL,Bactériologie,البكتيريا,0,Le matin avant toilette.,صباحا قبل التنظيف.,Infection urétrale (homme).,عدوى إحليلية (رجل).,urétral; mst; écoulement; homme; urètre,إحليل; أمراض جنسية; إفرازات; رجل,7
EU CAU,Calcium Urinaire,الكالسيوم في البول,CALCIUM URINAIRE,Bilan Rénal (Reins),فحص الكلى,0,Urines 24h.,بول 24 ساعة.,Calcium urinaire sur 24h.,كالسيوم بولي على 24 ساعة.,calcium; urines; calculs; reins; lithiase,كالسيوم; بول; حصوات; كلى,7
N  DHA,Déhydroépiandrostérone Sulfate,ديهيدرو إيبي أندروستيرون,DEHYDROEPIANDROSTERONE SU,Hormonologie,الهرمونات,0,Le matin.,صباحا.,Hormone surrénalienne.,هرمون الكظر.,dhea; surrénale; hormones; androgènes,ديهيا; كظر; هرمونات,6
I  ECT,ECT Dépistage + Titrage,ECT فحص + معايرة,ECT DEPISTAGE + TITRAGE,Immunologie,المناعة,0,Non à jeun.,بدون صيام.,Cryoglobulines.,بروتينات باردة.,ect; cryoglobulines; froid; auto-immun,بروتينات باردة; مناعة,6
C  COEF,Coefficients De Saturation,معاملات التشبع,Coefficients de saturatio,Anémie/Fer,فقر الدم والحديد,0,Le matin. À jeun.,صباحا. صائم.,Saturation de la transferrine.,تشبع الترانسفيرين.,saturation; fer; transferrine; hémochromatose,تشبع; حديد; ترانسفيرين,6
B  PARP,Parasitologie Des Selles (multiple),فحص طفيليات براز متعدد,Parasitologie des selles*,Parasitologie,الطفيليات,0,Selles fraîches. Plusieurs échantillons.,براز طازج. عدة عينات.,Recherche parasites (répété).,فحص طفيليات (متكرر).,parasites; selles; vers; répété,طفيليات; براز; ديدان; متكرر,6
N  IGF1,IGF-1,عامل النمو الشبيه بالأنسولين,IGF1,Hormonologie,الهرمونات,0,Le matin. À jeun.,صباحا. صائم.,Hormone de croissance.,هرمون النمو.,igf1; croissance; hormone; taille; nanisme,آي جي إف; نمو; هرمون; طول,6
BM HIVP,PCR VIH,PCR فيروس السيدا,PCR HIV,Génétique,الجينات,0,Non à jeun. Confidentiel.,بدون صيام. سري.,Charge virale VIH.,الحمل الفيروسي للسيدا.,vih; pcr; charge virale; sida,سيدا; بي سي آر; حمل فيروسي,6
I  ACPH,Ac Antiphospholipides,أجسام مضادة للفوسفوليبيدات,AC ANTIPHOSPHOLIPIDES,Immunologie,المناعة,0,Non à jeun.,بدون صيام.,Syndrome antiphospholipides.,متلازمة الأجسام المضادة للفوسفوليبيدات.,antiphospholipides; thrombose; fausse couche; sapl,مضادات فوسفوليبيدات; جلطة; إجهاض,6
A  IGET,IgE Totales,الأجسام المناعية E الكلية,IGE T,Allergie,الحساسية,0,Non à jeun.,بدون صيام.,Allergie globale.,حساسية عامة.,ige; allergies; totales; asthme,أيجي; حساسية; ربو; كلي,6
I  ECTD,ECT Dépistage,ECT فحص,ECT DEPISTAGE,Immunologie,المناعة,0,Non à jeun.,بدون صيام.,Dépistage cryoglobulines.,فحص البروتينات الباردة.,ect; cryoglobulines; dépistage,بروتينات باردة; فحص,6
C  CACO,Calcium Corrigé,الكالسيوم المصحح,CALCIUM CORRIGE,Bilan Général,فحص عام,0,À jeun.,صائم.,Calcium ajusté à l'albumine.,كالسيوم معدل بالألبومين.,calcium; corrigé; albumine; parathyroïde,كالسيوم; مصحح; ألبومين,5
T  T4T8,Marqueurs Lymphocytaires,مؤشرات لمفاوية,MARQUEURS LYMPHOCYTAIRES,Immunologie,المناعة,0,Non à jeun.,بدون صيام.,Ratio CD4/CD8.,نسبة CD4/CD8.,cd4; cd8; vih; lymphocytes; immunité,سي دي 4; سي دي 8; سيدا; مناعة,5
A  CLAP,BMD-CLA Pneumallergènes,اختبار حساسية الهواء,BMD-CLA PNEUMALLERGENES,Allergie,الحساسية,0,Non à jeun.,بدون صيام.,Allergies respiratoires.,حساسية تنفسية.,allergies; respiratoire; pollen; acariens; asthme,حساسية; تنفس; حبوب لقاح; ربو,5
V  VB9E,Vitamine B9 Érythrocytaire,فيتامين ب9 الكريات الحمراء,VITAMINE B9 ERYTHROCYTAIR,Vitamines,الفيتامينات,0,Non à jeun.,بدون صيام.,Folates dans globules rouges.,فوليك في الكريات الحمراء.,vitamine b9; folate; érythrocytes; anémie,فيتامين ب9; فوليك; كريات; فقر دم,5
C  ALCO,Alcoolémie,نسبة الكحول في الدم,ALCOOLEMIE,Toxicologie,السموم والمخدرات,0,Sang ou air expiré.,دم أو هواء منتهي.,Dosage de l'alcool.,جرعة الكحول.,alcool; alcoolémie; éthylisme; sang,كحول; سكر; دم,5
B  HLM,HLM (Compte D'Addis),HLM (عد أديس),HLM (COMPTE D'ADDIS),Bilan Rénal (Reins),فحص الكلى,0,Urines de 3h.,بول 3 ساعات.,Numération cellulaire urinaire.,عد الخلايا البولية.,addis; urines; hématies; leucocytes; reins,أديس; بول; كريات; كلى,5
B  RCH1,Recherche Directe De Chlamydia,بحث مباشر عن الكلاميديا,RECHERCHE DIRECT DE CHLAM,Bactériologie,البكتيريا,0,Prélèvement génital.,عينة تناسلية.,Chlamydia par PCR.,كلاميديا بواسطة PCR.,chlamydia; pcr; mst; génitale,كلاميديا; بي سي آر; أمراض جنسية,5
B  PUS,ECB D'Un Prélèvement De Pus,فحص بكتيري لصديد,ECB D'UN PRELEVEMENT DE P,Bactériologie,البكتيريا,0,Prélèvement stérile de pus.,عينة معقمة من الصديد.,Culture de pus.,زرع الصديد.,pus; abcès; infection; bactérie; plaie,صديد; خراج; عدوى; بكتيريا,5
B  RMY1,Recherche Directe De Mycoplasme,بحث مباشر عن الميكوبلازما,RECHERCHE DIRECT DE MYCOP,Bactériologie,البكتيريا,0,Prélèvement génital.,عينة تناسلية.,Mycoplasme par PCR.,ميكوبلازما بواسطة PCR.,mycoplasme; pcr; mst; génitale,ميكوبلازما; بي سي آر; أمراض جنسية,5
EU PU,Phosphore Urinaire,الفوسفور في البول,PHOSPHORE URINAIRE,Bilan Rénal (Reins),فحص الكلى,0,Urines 24h.,بول 24 ساعة.,Phosphore sur 24h.,فوسفور على 24 ساعة.,phosphore; urines; reins; 24h; parathyroïde,فوسفور; بول; كلى; 24 ساعة,5
MT CALC,Calcitonine,الكالسيتونين,CALCITONINE,Cancer,السرطان,0,Non à jeun.,بدون صيام.,Marqueur cancer médullaire thyroïde.,مؤشر سرطان الغدة الدرقية النخاعي.,calcitonine; thyroïde; cancer; médullaire,كالسيتونين; غدة درقية; سرطان,5
C  SELE,Sélénium Sérique,السيلينيوم,SELENIUM SERIQUE,Bilan Général,فحص عام,0,Le matin. À jeun.,صباحا. صائم.,Oligoélément antioxydant.,عنصر نزر مضاد أكسدة.,sélénium; oligoélément; antioxydant,سيلينيوم; عنصر; مضاد أكسدة,4
EZ ADA,Adénosine Désaminase,الأدينوزين ديأميناز,ADENOSINE DESAMINASE,Bilan Hépatique (Foie),فحص الكبد,0,Selon prélèvement (pleural/péritonéal).,حسب العينة (جنبي/بريتوني).,Enzyme (tuberculose extrapulmonaire).,إنزيم (سل خارج رئوي).,ada; tuberculose; plèvre; liquide; enzyme,أدينوزين; سل; جنب; سائل,4
I  IGG,Immunoglobulines G,الغلوبولينات المناعية G,IMMUNOGLOBULINES G,Immunologie,المناعة,0,Non à jeun.,بدون صيام.,Immunité humorale.,مناعة خلطية.,igg; immunoglobulines; immunité; infections,غلوبولين مناعي ج; مناعة; عدوى,4
C  CTF,Capacité Totale De Fixation,القدرة الكلية للتثبيت,CAPACITE TOTALE DE FIXATI,Anémie/Fer,فقر الدم والحديد,0,Le matin. À jeun.,صباحا. صائم.,Capacité de liaison du fer.,قدرة ربط الحديد.,fer; transferrine; ctf; saturation,حديد; ترانسفيرين; قدرة,4
N  17HP,17-Hydroxyprogestérone,17 هيدروكسي بروجستيرون,17 HYDROXY PROGESTERONE,Hormonologie,الهرمونات,0,Le matin. Jour 3 du cycle.,صباحا. اليوم 3 من الدورة.,Hyperplasie surrénale congénitale.,تضخم كظر خلقي.,17-oh; surrénale; hormones; androgènes,17 هيدروكسي; كظر; هرمونات,4
N  CO16,Cortisol 16H,الكورتيزول 4 مساء,CORTISOL 16h,Hormonologie,الهرمونات,0,À 16h.,الساعة 4 مساء.,Cortisol à 16h.,كورتيزول الساعة 4 مساء.,cortisol; 16h; surrénale; rythme,كورتيزول; 4 مساء; كظر; إيقاع,4
I  C3,Complément C3,المتمم C3,COMPLEMENT C3,Immunologie,المناعة,0,Non à jeun.,بدون صيام.,Fraction du complément.,جزء من المتمم.,complément; c3; immunité; lupus,متمم; سي 3; مناعة; ذئبة,4
I  EDMA,Ac Anti-Endomysium IgA,أجسام مضادة لبطانة العضل IgA,AC ANTI ENDOMYSUIM IGA,Immunologie,المناعة,0,Non à jeun.,بدون صيام.,Maladie cœliaque.,داء زلاقي.,endomysium; cœliaque; gluten; iga,بطانة عضل; داء زلاقي; غلوتين,4
N  COR9,Cortisol 9H,الكورتيزول 9 صباحا,CORTISOL 9H,Hormonologie,الهرمونات,0,À 9h du matin.,الساعة 9 صباحا.,Cortisol à 9h.,كورتيزول الساعة 9.,cortisol; 9h; surrénale; stress,كورتيزول; 9 صباحا; كظر,4
I  ANCA,Ac Anti-Cytoplasme Des Polynucléaires,أجسام مضادة لسيتوبلازم متعددات النوى,AC ANTI CYTOPLASME DES PN,Immunologie,المناعة,0,Non à jeun.,بدون صيام.,Vascularites.,التهاب الأوعية.,anca; vascularite; auto-immun; reins,أنكا; التهاب أوعية; مناعة; كلى,4
B  BKU,Recherche De BK Urinaire,بحث عن عصية كوخ بولية,RECHERCHE DE BK URINAIRE,Bactériologie,البكتيريا,0,Urines du matin. 3 jours.,بول الصباح. 3 أيام.,Tuberculose urinaire.,سل بولي.,bk; tuberculose; urines; reins,عصية كوخ; سل; بول; كلى,4
EU PH,pH Urinaire,درجة حموضة البول,PH,Bilan Rénal (Reins),فحص الكلى,0,Urines fraîches.,بول طازج.,pH des urines.,درجة حموضة البول.,ph; urines; acide; alcalin; calculs,حموضة; بول; حمضي; قلوي; حصوات,4
N  CORU,Cortisol Urinaire,الكورتيزول في البول,CORTISOL URINAIRE,Hormonologie,الهرمونات,0,Urines 24h.,بول 24 ساعة.,Cortisol libre sur 24h.,كورتيزول حر على 24 ساعة.,cortisol; urines; cushing; surrénale; 24h,كورتيزول; بول; كوشينغ; كظر,4
O  F8,Facteur VIII C,العامل الثامن,FACTEUR VIIIc,Coagulation,التخثر,0,Non à jeun.,بدون صيام.,Facteur de coagulation (hémophilie A).,عامل التخثر (هيموفيليا أ).,facteur 8; hémophilie; coagulation; saignement,عامل 8; هيموفيليا; تخثر; نزيف,4
S  CMV,Infections Cytomégalovirus,الفيروس المضخم للخلايا,Infections Cytomégalo Vir,Sérologie,الفيروسات,0,Non à jeun. Bilan grossesse.,بدون صيام. فحص الحمل.,Sérologie CMV (grossesse).,فحص الفيروس المضخم (حمل).,cmv; cytomégalovirus; grossesse; virus,فيروس مضخم; حمل; فيروس,4
C  IEFP,Isoélectrofocalisation LC,بؤرة كهربائية للسائل الدماغي,ISOELECTROFOCALISATION LC,Immunologie,المناعة,0,Ponction lombaire.,بزل قطني.,Bandes oligoclonales (SEP).,نطاقات قليلة النسيلة (تصلب متعدد).,isoélectrofocalisation; sep; lcr; sclérose,بؤرة كهربائية; تصلب; سائل دماغي,4
S  HYDA,Sérologie Hydatidose (Dépistage),فحص داء الكيسات المائية,SERO HYDATIDOSE depistage,Sérologie,الفيروسات,0,Non à jeun.,بدون صيام.,Kyste hydatique.,كيس مائي.,hydatidose; kyste; foie; poumon; parasite,داء كيسات; كيس مائي; كبد; رئة,4
TO LITH,Lithium,الليثيوم,LITHUM,Toxicologie,السموم والمخدرات,0,12h après dernière prise.,12 ساعة بعد آخر جرعة.,Dosage lithium (traitement).,جرعة الليثيوم (علاج).,lithium; toxicologie; psychiatrie; bipolarité,ليثيوم; سموم; طب نفسي,3
T  CHLK,Chaînes Légères Libres Kappa,السلاسل الخفيفة الحرة كابا,CHAINES LEGERES LIBRES KA,Immunologie,المناعة,0,Non à jeun.,بدون صيام.,Chaînes légères kappa (myélome).,سلاسل خفيفة كابا (ميلوما).,kappa; chaînes légères; myélome; protéines,كابا; سلاسل خفيفة; ميلوما,3
EZ LDHP,LDH Dans Liquide Pleural,LDH في السائل الجنبي,LDH DANS LIQUIDE PLEURAL,Bilan Hépatique (Foie),فحص الكبد,0,Ponction pleurale.,بزل جنبي.,LDH dans épanchement pleural.,إنزيم في السائل الجنبي.,ldh; pleural; épanchement; poumon,إل دي إتش; جنب; انصباب; رئة,3
EZ B2GI,Anti-Bêta 2 Glycoprotéine IgG,أجسام مضادة بيتا 2 غليكوبروتين IgG,Anti-bêta 2 glycoprotéine,Immunologie,المناعة,0,Non à jeun.,بدون صيام.,Syndrome antiphospholipides.,متلازمة مضادات الفوسفوليبيدات.,bêta 2; antiphospholipides; thrombose; sapl,بيتا 2; مضادات فوسفوليبيدات; جلطة,3
O  PRC,Protéine C,البروتين سي,PROTEINE C,Coagulation,التخثر,0,Non à jeun.,بدون صيام.,Facteur anticoagulant.,عامل مضاد التخثر.,protéine c; coagulation; thrombose; déficit,بروتين سي; تخثر; جلطة; نقص,3
I  MULI,Ac Anti-Muscle Lisse,أجسام مضادة للعضلات الملساء,AC ANTI MUSCLE LISSE,Immunologie,المناعة,0,Non à jeun.,بدون صيام.,Hépatite auto-immune.,التهاب كبد مناعي ذاتي.,muscle lisse; hépatite; auto-immun; foie,عضلات ملساء; التهاب كبد; مناعة,3
C  TRAF,Transferrine,الترانسفيرين,TRANSFERRINE,Anémie/Fer,فقر الدم والحديد,0,Le matin. À jeun.,صباحا. صائم.,Protéine de transport du fer.,بروتين نقل الحديد.,transferrine; fer; anémie; saturation,ترانسفيرين; حديد; فقر دم; تشبع,3
V  VITE,Vitamine E,فيتامين إي,VITAMINE E,Vitamines,الفيتامينات,0,Non à jeun.,بدون صيام.,Antioxydant.,مضاد أكسدة.,vitamine e; antioxydant; tocophérol,فيتامين إي; مضاد أكسدة; توكوفيرول,3
I  ACAG,Ac Anti-Cardiolipine IgG,أجسام مضادة للكارديوليبين IgG,AC ANTI CARDIOLIPINE IGG,Immunologie,المناعة,0,Non à jeun.,بدون صيام.,Syndrome antiphospholipides (IgG).,متلازمة مضادات الفوسفوليبيدات (IgG).,cardiolipine; antiphospholipides; thrombose; igg,كارديوليبين; مضادات فوسفوليبيدات; جلطة,3
O  PRS,Protéine S,البروتين إس,PROTEINE S,Coagulation,التخثر,0,Non à jeun.,بدون صيام.,Facteur anticoagulant naturel.,عامل مضاد تخثر طبيعي.,protéine s; coagulation; thrombose; déficit,بروتين إس; تخثر; جلطة; نقص,3
I  C4,Complément C4,المتمم C4,COMPLEMENT C4,Immunologie,المناعة,0,Non à jeun.,بدون صيام.,Fraction du complément.,جزء من المتمم.,complément; c4; immunité; lupus,متمم; سي 4; مناعة; ذئبة,3
S  EBV,Sérologie EBV IgG - IgM,فحص فيروس إبشتاين بار,SEROLOGIE  EBV IGG - IGM,Sérologie,الفيروسات,0,Non à jeun.,بدون صيام.,Mononucléose infectieuse.,كثرة الوحيدات العدوائية.,ebv; mononucléose; fatigue; angine; virus,إبشتاين بار; كثرة وحيدات; تعب; فيروس,3
I  GAD,Anticorps Anti-GAD,أجسام مضادة ضد GAD,Anticorps Anti GAD,Immunologie,المناعة,0,Non à jeun.,بدون صيام.,Diabète type 1 auto-immun.,السكري نوع 1 المناعي الذاتي.,gad; diabète; type 1; auto-immun; pancréas,جي إيه دي; السكري; نوع 1; مناعة,3
N  PROG,Progestérone,البروجسترون,PROGESTERONE,Hormonologie,الهرمونات,0,Jour 21 du cycle.,اليوم 21 من الدورة.,Hormone de grossesse.,هرمون الحمل.,progestérone; grossesse; ovulation; lutéale,بروجسترون; حمل; إباضة; لوتيني,3
ZB ATB2,ATB 2ème,مضادات حيوية ثانية,ATB 2EME,Bactériologie,البكتيريا,0,Selon prélèvement.,حسب العينة.,Deuxième antibiogramme.,مضادات حيوية ثانية.,antibiogramme; 2ème; antibiotiques,مضادات حيوية; ثانية,3
EU NAU,Sodium Urinaire,الصوديوم في البول,SODIUM URINAIRE,Bilan Rénal (Reins),فحص الكلى,0,Urines 24h.,بول 24 ساعة.,Sodium sur 24h.,صوديوم على 24 ساعة.,sodium; urines; sel; reins; 24h,صوديوم; بول; ملح; كلى; 24 ساعة,3
B  PVU,Prélèvement Vulvaire,عينة فرجية,PRELEVEMENT VULVAIRE,Bactériologie,البكتيريا,0,Hors menstruation.,خارج الحيض.,Infection vulvaire.,عدوى فرجية.,vulvaire; mycose; infection; pertes,فرجية; فطريات; عدوى; إفرازات,3
I  ACAR,Ac Anti-Cardiolipine IgM,أجسام مضادة للكارديوليبين IgM,AC ANTI CARDIOLIPINE IGM,Immunologie,المناعة,0,Non à jeun.,بدون صيام.,Syndrome antiphospholipides (IgM).,متلازمة مضادات الفوسفوليبيدات (IgM).,cardiolipine; antiphospholipides; thrombose; igm,كارديوليبين; مضادات فوسفوليبيدات; جلطة,3
B  ATB-,Antibiogramme B-,مضادات حيوية B-,ANTIBIOGRAMME B-,Bactériologie,البكتيريا,0,Selon prélèvement.,حسب العينة.,Sensibilité antibiotiques bacilles-.,حساسية مضادات للعصيات-.,antibiogramme; antibiotiques; bacilles,مضادات حيوية; عصيات,3
B  ATBD,Antibiogramme,مضادات حيوية,ANTIBIOGRAMME,Bactériologie,البكتيريا,0,Selon prélèvement.,حسب العينة.,Test antibiotiques.,فحص المضادات الحيوية.,antibiogramme; antibiotiques; sensibilité,مضادات حيوية; حساسية,3
B  CPR3,Coproparasitologie 3X,فحص طفيليات البراز 3 مرات,COPROPARASITOLOGIE 3 X,Parasitologie,الطفيليات,0,Selles 3 jours consécutifs.,براز 3 أيام متتالية.,Recherche parasites (3 échantillons).,فحص طفيليات (3 عينات).,parasites; selles; 3 fois; vers,طفيليات; براز; 3 مرات; ديدان,3
B  PLEU,Examen D'Un Liquide Pleural,فحص السائل الجنبي,EXAMEN D'UN LIQUIDE PLEUR,Bactériologie,البكتيريا,0,Ponction pleurale.,بزل جنبي.,Analyse liquide pleural.,تحليل السائل الجنبي.,pleural; épanchement; poumon; ponction,جنبي; انصباب; رئة; بزل,3
C  APOA,Apolipoprotéine A1,صميم البروتين الدهني A1,APOLIPOPROTEINE A1,Cardiologie,القلب والشرايين,0,À jeun.,صائم.,Apolipoprotéine du HDL.,صميم بروتين الكوليسترول الجيد.,apo a1; hdl; cholestérol; cœur,أبو أ1; كوليسترول جيد; قلب,3
I  EDMG,Anticorps Anti-Endomysium IgG,أجسام مضادة لبطانة العضل IgG,Anticorps Anti-Endomysium,Immunologie,المناعة,0,Non à jeun.,بدون صيام.,Maladie cœliaque (IgG).,داء زلاقي (IgG).,endomysium; cœliaque; gluten; igg,بطانة عضل; داء زلاقي; غلوتين,3
BS ACTH,ACTH,الهرمون الموجه لقشر الكظر,ACTH,Hormonologie,الهرمونات,0,Le matin à 8h. Tube glacé.,صباحا الساعة 8. أنبوب مبرد.,Hormone surrénalienne (Cushing).,هرمون الكظر (كوشينغ).,acth; surrénale; cushing; cortisol,إيه سي تي إتش; كظر; كوشينغ; كورتيزول,3
S  GHBE,Antigène HBe,مستضد HBe,ANTIGENE HBE,Sérologie,الفيروسات,0,Non à jeun.,بدون صيام.,Réplication Hépatite B.,تكاثر فيروس الكبد ب.,hépatite b; hbe; antigène; réplication,التهاب كبد ب; مستضد; تكاثر,3
T  CHLL,Chaînes Légères Libres Lambda,السلاسل الخفيفة الحرة لامبدا,CHAINES LEGERES LIBRES LA,Immunologie,المناعة,0,Non à jeun.,بدون صيام.,Chaînes légères lambda (myélome).,سلاسل خفيفة لامبدا (ميلوما).,lambda; chaînes légères; myélome; protéines,لامبدا; سلاسل خفيفة; ميلوما,3
HS AT3,Anti-Thrombine III,مضاد الثرومبين الثالث,ANTI THROMBINE III,Coagulation,التخثر,0,Non à jeun.,بدون صيام.,Facteur anticoagulant.,عامل مضاد التخثر.,antithrombine; at3; coagulation; thrombose,مضاد ثرومبين; تخثر; جلطة,3
C  FRUC,Fructosamines,الفروكتوزامين,FRUCTOSAMINES,Diabète,السكري,0,À jeun.,صائم.,Contrôle diabète sur 2-3 semaines.,مراقبة السكري على 2-3 أسابيع.,fructosamines; diabète; sucre; contrôle,فروكتوزامين; السكري; سكر; مراقبة,3