,Annee 2025,,,,,,
,Nom de l analyse,Nombre,$ANACODE (CH ANAL),B,Dhs,CPA,Bref info
1,HEMOGLOBINE GLYQUEE HBA1,6433,C  HBA1,100,110,,
2,NUMERATION FORMULE-PLAQUE,5824,H  NFS,80,88,,
3,GLYCEMIE A JEUN,4800,C  GLY,30,33,,
4,CREATININE,4191,C  CR,30,33,,
5,UREE,2750,C  U,30,33,,
6,TSH us,2727,N  TSH,250,275,,
7,CHOLESTEROL,2041,C  CHOL,30,33,,
8,TGP (ALAT),1844,EZ ALAT,50,55,,
9,TGO (ASAT),1822,EZ ASAT,50,55,,
10,CRP,1801,C  CRP,100,110,,
11,TRIGLYCERIDES,1699,C  TRIG,60,66,,
12,FERRITINE,1482,I  FERR,250,275,,
13,CHOLESTEROL HDL,1263,C  HDL,50,55,,
14,ACIDE URIQUE,1255,C  ACU,30,33,,
15,TAUX DE PROTHROMBINE,1173,HS TP,40,44,,
16,CHOLESTEROL LDL,1160,C  LDL,50,55,,
17,Temps de Cephaline Kaolin,986,HS TCK,40,44,,
18,Vitamine 25 (OH) D2 et 25,877,V  VITD,450,495,,
19,GROUPE SANGUIN RHESUS,869,T  GRS,60,66,,
20,VITESSE DE SEDIMENTATION,854,H  VS,30,33,,
21,GAMMA G.T.,781,EZ GGT,50,55,,
22,PSA (PROSTATIC SPECIFIC A,762,MT PSA,300,330,,
23,ECBU,737,B  CBU,90,99,,
25,T4 LIBRE (FT4),579,N  T4L,200,220,,
26,POTASSIUM,557,C  K,30,33,,
27,IONOGRAMME,501,C  IONO,100,110,,
28,VDRL SANGUIN,412,SE VDRL,20,22,,
29,COPROPARASITOLOGIE,396,B  CPR1,100,110,,
30,MICROALBUMINURIE,386,EU MIA,120,132,,
31,TPHA SANGUIN,381,SE TPHA,50,55,,
32,CALCIUM,373,C  CA,30,33,,
33,CHOLESTEROL LDL,369,C  LDLD,50,55,,
34,SODIUM,364,C  NA,30,33,,
35,PHOSPH ALCALINES,350,EZ PAL,50,55,,
36,HEPATITE B,340,S  HBV,120,132,,
37,HEPATITE C,322,S  HVC,300,330,,
38,TAUX DE PROTHROMBINE,308,HS TPIN,40,44,,
39,BILIRUBINE,261,C  BILI,70,77,,
40,Commentaire hémato,257,H  COM1,,0,,
41,ANTICORPS ANTI HIV,230,S  HIV,200,220,,
42,TROPONINE Ic,219,I  TROP,250,275,,
43,LIPASES,204,EZ LIPA,,0,,
44,SERO TOXOPLASMOSE,183,SE TOXO,100,110,,
45,Rapport Microalbuminurie,181,EU RAAC,150,165,,
46,SERO HEPATITE A (IGM),146,S  HVAM,250,275,,
47,RECHERCHE DES DROGUES URI,142,M  DROG,,0,,
48,ALBUMINE 24 H,142,EU A24H,,0,,
49,ALBUMINE,134,C  ALBS,60,66,,
50,HELICOBACTER PYLORI  DANS,134,B  HELE,300,330,,
51,GROUPE SANGUIN RHESUS  (g,130,T  GRSG,60,66,,
52,PHOSPHORE,125,C  P,40,44,,
53,CLAIRANCE A LA CREATININE,123,EU CLCR,50,55,,
54,RUBEOLE IgG,123,SE RUB,,0,,
55,TEST DE GROSSESSE,120,ST TG,100,110,,
56,ANTICORPS ANTI HIV (MSC),119,S  HIVM,213,"234,3",,
57,TEST RESPIRATOIRE A L'URE,118,AI TRES,545,"599,5",,
58,AC ANTI TRANSGLUTAMINASE A,114,I  TRAA,265,"291,5",,
59,ANTIBIOGRAMME B-,112,B  ATBB,,0,,
60,ANTIBIOGRAMME,109,ZB ATB,,0,,
61,TEST AU LATEX,107,C  LATX,50,55,,
62,WAALER ROSE,107,C  WR,50,55,,
63,D DIMERE,106,HS DDIM,220,242,,
64,RECHERCHE ALBUMINE,98,EU RALB,20,22,,
65,ACE,98,MT ACE,250,275,,
66,RECHERCHE SUCRE,94,EU RSUC,10,11,,
67,INSULINE,94,N  INS,300,330,,
68,ACETONE URINES,93,EU ACT,10,11,,
69,RECHERCHE DE SANG DANS LE,93,B  RSU,30,33,,
70,ANTICORPS ANTI-HELICOBACT,90,S  HELI,180,198,,
71,CALPROTECTINE DANS LES SE,90,B  CALP,545,"599,5",,
72,RECHERCHE DES  LEUCOCYTES,89,EU RLEU,10,11,,
73,NITRITES URINES,89,EU NITR,30,33,,
74,VITAMINE B12,87,V  VB12,400,440,,
75,EXAMEN CYTOBACTERIOLOGIQU,82,B  CBO,140,154,,
76,T3LIBRE (FT3),81,N  T3L,300,330,,
77,SPERMOGRAMME,81,SP SPRG,123,"135,3",,
78,HOMA TEST,81,N  HOMA,,0,,
79,RECHERCHE DE BK,75,B  BK,65,"71,5",,
80,CHLORE,75,C  CL,30,33,,
81,EXAMEN PARASITOLOGIQUE,72,B  PARA,40,44,,
82,ANTIGENE CA 15-3,71,MT CA15,400,440,,
83,RECHERCHE DIRECT DE CHLAM,71,B  RCHL,200,220,,
84,RECHERCHE DIRECT DE MYCOP,70,B  RMYC,20,22,,
85,AC ANTI-NUCLEAIRES,68,I  ANC,150,165,,
86,PROCALCITONINE,66,I  PCAL,400,440,,
87,ASLO,65,C  ASLO,,0,,
88,Glycémie post prandiale,65,C  GLYP,,0,,
89,ANTIGENE CA 19-9,62,MT CA19,,0,,
90,PROLACTINE,61,N  PROL,,0,,
91,ANTICORPS ANTI -THYROPERO,60,N  TPO,,0,,
92,MAGNESIUM SERIQUE,60,C  MG,,0,,
93,BILIRUBINE URINAIRE,58,U  BILU,,0,,
94,TESTOSTERONE SERIQUE,57,N  TEST,,0,,
95,ELECTROPHORESE DES PROTEI,55,C  EPP,,0,,
96,AC  ANIT TRANSGLUTAMINASE,52,I  TRAG,,0,,
97,AC ANTI CCP,52,I  CCP,,0,,
98,LDH,50,EZ LDH,,0,,
99,rapport proteinurie créat,50,EU RAPC,,0,,
100,ASPECT DU SERUM,49,C  ASP,,0,,
101,CORTISOL 8H,49,N  COR8,,0,,
102,FSH PLASMATIQUE,47,N  FSH,,0,,
103,PRELEVEMENT VAGINAL,47,B  PV,,0,,
104,BRAIN NATRIURETIC PEPTIDE,47,I  BNP,,0,,
105,DOSAGE D'HCG,46,N  HCG,,0,,
106,VITAMINE B9,46,V  VB9,,0,,
107,ANTIBIOGRAMME C+,45,B  ATBC,,0,,
108,PARATHORMONE,43,N  PTH,,0,,
109,SPERMOCULTURE,43,B  SPC,,0,,
110,VITESSE DE SEDIMENTATION,41,H  VS1,,0,,
111,RESERVE ALCALINE,40,C  RA,,0,,
112,AC. ANTITHYROGLOBULINE,40,N  ATG,,0,,
113,SANG DS LES SELLES,39,B  RSS,,0,,
114,RECHERCHE D'AGGLUTININES,38,T  RAI,,0,,
115,Créatinine kinase (CPK),37,EZ CPK,,0,,
116,ECBU MSC ( IFAERO),35,B  CBUM,,0,,
117,CALCUL URINAIRE INFRAROUG,33,C  CALI,,0,,
118,HORMONE ANTI MULLERIENNE,32,N  AMH,,0,,
119,BK *3,32,B  BK3,,0,,
120,BILIRUBINE URINES,30,EU RBIL,,0,,
121,URACILEMIE (phenotypage d,29,S  DPD,,0,,
122,LH PLASMATIQUE,28,N  LH,,0,,
123,HYPERGLYCEMIE PROVOQUEE P,27,C  HGPO,,0,,
124,FER,26,C  FER,,0,,
125,ECB D'UN PRELEVEMENT DE P,25,B  CBP3,,0,,
126,ANTICORPS HBC,24,S  AHBC,,0,,
127,HLA B 27,24,BM HLAB,,0,,
128,RETICULOCYTES,23,H  RETI,,0,,
129,PROTEINES,23,C  PROT,,0,,
130,ANTICORPS HBS,23,S  AHBS,,0,,
131,CA125,22,MT CA12,,0,,
132,Informations sur ce dossi,22,0  INFO,,0,,
133,AMYLASE,20,EZ AMY,,0,,
134,QUANTIFERON TBGOLD IT,18,BM QF,,0,,
135,ANTICORPS ANTI DNA,17,I  ADNA,,0,,
136,(ETIQUETTE DOSSIER),16,Y  MUG,,0,,
137,OESTRADIOL,16,N  E2,,0,,
138,IDR,16,B  IDR,,0,,
139,MYCOLOGIE D'UN PRELEVEMEN,15,B  MYCO,,0,,
140,THYROGLOBULINE,15,N  THYG,,0,,
141,SPERMOCYTOGRAMME,13,SP SPRC,,0,,
142,LIQUIDE CEPHALO-RACHIDIEN,13,B  LCR,,0,,
143,Ac Anti Recepteur de la T,12,N  ARTS,,0,,
144,Infections à Herpes Simpl,11,S  HSV,,0,,
145,ANTIGENE PROSTATIQUE (LIB,11,MT PSAL,,0,,
146,IMMUNOGLOBULINES A,11,I  IGA,,0,,
147,QLFCAT ADN DU VHB,11,BM ADNB,,0,,
148,CREATININE URINAIRE,10,EU CRU,,0,,
149,ALPHA FOETO-PROTEINE.,10,MT AFP,,0,,
150,PCRHVC,9,BM ARN2,,0,,
151,ENZYME DE CONVERSION,9,EZ CONV,,0,,
152,FIBRINOGENE,9,HS FIB,,0,,
153,ANTIBIOGRAMME,9,B  ATBT,,0,,
154,RECHERCHE DE BK + CULTURE,9,B  BKC,,0,,
155,LIQUIDE D'ASCITE,8,B  ASCI,,0,,
156,BMD-CLA TROPHALLERGENES,8,A  CLAT,,0,,
157,CORTISOL 10H,8,N  COR,,0,,
158,ZINC,8,C  ZINC,,0,,
159,PSA LIBRE/TOTALE,8,MT PSTL,,0,,
160,IMMUNO ELECTROPHORESE,8,C  IEP,,0,,
161,DELTA 4 ANDROSTENEDIONE,7,N  D4AD,,0,,
162,CORONAVIRUS SARS COV2 (CO,7,BM NOW,,0,,
163,PH,7,U  PH,,0,,
164,AC ANTI MITOCHONDRIES DEP,7,I  MITO,,0,,
165,Test Antigénique Covid 19,7,I  TAN,,0,,
166,PRELEVEMENT URETRAL,7,B  PURE,,0,,
167,CALCIUM URINAIRE,7,EU CAU,,0,,
168,DEHYDROEPIANDROSTERONE SU,6,N  DHA,,0,,
169,ECT DEPISTAGE + TITRAGE,6,I  ECT,,0,,
170,Coefficients de saturatio,6,C  COEF,,0,,
171,Parasitologie des selles*,6,B  PARP,,0,,
172,IGF1,6,N  IGF1,,0,,
173,PCR HIV,6,BM HIVP,,0,,
174,AC ANTIPHOSPHOLIPIDES,6,I  ACPH,,0,,
175,IGE T,6,A  IGET,,0,,
176,ECT DEPISTAGE,6,I  ECTD,,0,,
177,CALCIUM CORRIGE,5,C  CACO,,0,,
178,MARQUEURS LYMPHOCYTAIRES,5,T  T4T8,,0,,
179,BMD-CLA PNEUMALLERGENES,5,A  CLAP,,0,,
180,VITAMINE B9 ERYTHROCYTAIR,5,V  VB9E,,0,,
181,ALCOOLEMIE,5,C  ALCO,,0,,
182,HLM (COMPTE D'ADDIS),5,B  HLM,,0,,
183,RECHERCHE DIRECT DE CHLAM,5,B  RCH1,,0,,
184,ECB D'UN PRELEVEMENT DE P,5,B  PUS,,0,,
185,RECHERCHE DIRECT DE MYCOP,5,B  RMY1,,0,,
186,PHOSPHORE URINAIRE,5,EU PU,,0,,
187,CALCITONINE,5,MT CALC,,0,,
188,SELENIUM SERIQUE,4,C  SELE,,0,,
189,ADENOSINE DESAMINASE,4,EZ ADA,,0,,
190,IMMUNOGLOBULINES G,4,I  IGG,,0,,
191,CAPACITE TOTALE DE FIXATI,4,C  CTF,,0,,
192,17 HYDROXY PROGESTERONE,4,N  17HP,,0,,
193,CORTISOL 16h,4,N  CO16,,0,,
194,COMPLEMENT C3,4,I  C3,,0,,
195,AC ANTI ENDOMYSUIM IGA,4,I  EDMA,,0,,
196,CORTISOL 9H,4,N  COR9,,0,,
197,AC ANTI CYTOPLASME DES PN,4,I  ANCA,,0,,
198,RECHERCHE DE BK URINAIRE,4,B  BKU,,0,,
199,PH,4,EU PH,,0,,
200,CORTISOL URINAIRE,4,N  CORU,,0,,
201,FACTEUR VIIIc,4,O  F8,,0,,
202,Infections Cytomégalo Vir,4,S  CMV,,0,,
203,ISOELECTROFOCALISATION LC,4,C  IEFP,,0,,
204,SERO HYDATIDOSE depistage,4,S  HYDA,,0,,
205,LITHUM,3,TO LITH,,0,,
206,CHAINES LEGERES LIBRES KA,3,T  CHLK,,0,,
207,LDH DANS LIQUIDE PLEURAL,3,EZ LDHP,,0,,
208,Anti-bêta 2 glycoprotéine,3,EZ B2GI,,0,,
209,PROTEINE C,3,O  PRC,,0,,
210,AC ANTI MUSCLE LISSE,3,I  MULI,,0,,
211,TRANSFERRINE,3,C  TRAF,,0,,
212,VITAMINE E,3,V  VITE,,0,,
213,AC ANTI CARDIOLIPINE IGG,3,I  ACAG,,0,,
214,PROTEINE S,3,O  PRS,,0,,
215,COMPLEMENT C4,3,I  C4,,0,,
216,SEROLOGIE  EBV IGG - IGM,3,S  EBV,,0,,
217,Anticorps Anti GAD,3,I  GAD,,0,,
218,PROGESTERONE,3,N  PROG,,0,,
219,ATB 2EME,3,ZB ATB2,,0,,
220,SODIUM URINAIRE,3,EU NAU,,0,,
221,PRELEVEMENT VULVAIRE,3,B  PVU,,0,,
222,AC ANTI CARDIOLIPINE IGM,3,I  ACAR,,0,,
223,ANTIBIOGRAMME B-,3,B  ATB-,,0,,
224,ANTIBIOGRAMME,3,B  ATBD,,0,,
225,COPROPARASITOLOGIE 3 X,3,B  CPR3,,0,,
226,EXAMEN D'UN LIQUIDE PLEUR,3,B  PLEU,,0,,
227,APOLIPOPROTEINE A1,3,C  APOA,,0,,
228,Anticorps Anti-Endomysium,3,I  EDMG,,0,,
229,ACTH,3,BS ACTH,,0,,
230,ANTIGENE HBE,3,S  GHBE,,0,,
231,CHAINES LEGERES LIBRES LA,3,T  CHLL,,0,,
232,ANTI THROMBINE III,3,HS AT3,,0,,
233,FRUCTOSAMINES,3,C  FRUC,,0,,
234,Anticorps anti-SP100 - Ig,2,I  SP10,,0,,
235,C PEPTIDE,2,N  PEPC,,0,,
236,VITAMINE B6,2,V  VB6,,0,,
237,BETA HCG HOMME,2,MT HCGP,,0,,
238,LABSTIX URINAIRE,2,EU LABS,,0,,
239,Anti-bêta 2 glycoprotéine,2,EZ B2GM,,0,,
240,UREE URINAIRE,2,EU UU,,0,,
241,ANTIBIOGRAMME 1,2,B  ATB1,,0,,
242,ANTICOAGULANT CIRCULANT D,2,HS ATCL,,0,,
243,FACTEUR IX (ANTIHEMOPHILI,2,O  F9,,0,,
244,IMMUNO ELECTROPHORESE DAN,2,C  IMEL,,0,,
245,Magnésium Erytrocytaire,2,C  MGE,,0,,
246,PARASITOLOGIE DES SELLES,2,B  PARE,,0,,
247,Recherche de PHENCYCLIDIN,2,M  PHEC,,0,,
248,SOUS CLASSES IGG4,2,I  IGGS,,0,,
249,LIQUIDE ARTICULAIRE,2,B  LART,,0,,
250,AUTO AC ANTIGLIADINE IGA,2,I  GLIA,,0,,
251,ANTICORPS ANTI GLIADINE I,2,I  GLIG,,0,,
252,Anticorps anti-GP 210,2,I  GP21,,0,,
253,SERO CHLAMYDIA,2,SE SCHL,,0,,
254,ANTICORPS HBE,2,S  AHBE,,0,,
255,REPTURE DE LA POCHE,2,I  RPM,,0,,
256,APOLIPOPROTEINE B,2,C  APOB,,0,,
257,SERO LYME,2,I  LYME,,0,,
258,FACTEUR 5  DE LEIDEN,2,I  LEID,,0,,
259,IMMUNOGLOBULINES M,1,I  IGM,,0,,
260,ACIDE URIQUE URINAIRE,1,EU ACUU,,0,,
261,MAGNESIUM URINAIRE,1,EU MGU,,0,,
262,Potassium Urinaire,1,EU KU,,0,,
263,SEROLOGIE ROUGEOLE IGG,1,EG ROU,,0,,
264,CHROMOGRANINE A,1,N  CHGA,,0,,
265,AC ANTI-MEMBRANE BASALE G,1,EG MBG,,0,,
266,INTOLERANCE ALIMENTAIRE P,1,EG INTO,,0,,
267,COMPLEMENT TOTAL,1,I  CH50,,0,,
268,Ac anti IA2,1,I  IA2,,0,,
269,FACTEUR V (PROACCELERINE),1,HS F5,,0,,
270,AC ANTI CYTOPLASME DES PO,1,EZ ANCT,,0,,
271,MALADIES NEURODEGENERATIV,1,EZ ALZH,,0,,
272,AC ANTI-BP180  ET ANTI-BP,1,EG BPAC,,0,,
273,SERO LEPTOSPIROSE IGM,1,I  LEPT,,0,,
274,SERO RICKETTSIOSE,1,I  RICK,,0,,
275,ELECTROPHORESE D'HB,1,C  EPHB,,0,,
276,Microdélétions du chromos,1,BM MCHY,,0,,
277,SERO OREILLONS,1,I  OREI,,0,,
278,pcr bk,1,BM PCBK,,0,,
279,AC ANTI MITOCHONDRIES TIT,1,I  MITT,,0,,
280,LYSOSYMES,1,I  LYS,,0,,
281,ANTICORPS ANTI PEAU,1,I  PEAU,,0,,
282,AC ANTI INSULINE,1,I  INSU,,0,,
283,RECHERCHE DIRECT DE CHLAM,1,B  RCH2,,0,,
284,TOXO AVIDITE IGG,1,I  TOX1,,0,,
285,GENOTYPAGE DPD,1,BM DPDG,,0,,
286,SERO VARICELLE-ZONA (IGG),1,I  VARG,,0,,
287,SERO VARI-ZONA IGG/IGM,1,I  VARI,,0,,
288,AC ANTI TRANSPORTEUR DE Z,1,I  ZNT8,,0,,
289,RECHERCHE DIRECT DE MYCOP,1,B  RMY2,,0,,
290,SCOTCH-TEST,1,B  SCOT,,0,,
291,TEMPS DE SAIGNEMENT,1,HS TS,,0,,
292,ELECTROPHORESE DES PROT,1,C  EPPL,,0,,
293,FACTEUR XI (ROSENTHAL),1,O  F11,,0,,
294,COOMBS DIRECT,1,T  CD,,0,,
295,Recherche de sperme  dans,1,SP RSPE,,0,,
296,CULOT URINAIRE,1,B  CU,,0,,
297,RENINE / ALDOSTERONE POUR,1,C  RENI,,0,,
298,Examen cytobacteriologiqu,1,B  ECBC,,0,,
299,TESTOSTERONE BIODISPONIBL,1,N  TESB,,0,,
300,5 HYDROXY INDOLEACETATE,1,U  5HIA,,0,,
301,TESTOSTERONE LIBRE,1,N  TESH,,0,,
302,GOUTTE EPAISSE,1,B  GOUT,,0,,
303,ACIDE VANYL MANDELIQUE,1,NU ACVM,,0,,
304,HEMOCULTURE,1,B  HEMO,,0,,
305,FACTEUR XII (HAGEMAN),1,O  F12,,0,,
306,AC ANTI RACH (ACETHYLCHOL,1,I  RACH,,0,,
307,C 1 ESTERASE ( PRONDERAL,1,AT C1,,0,,
308,PROTEINURIE THERMOSOLUBLE,1,U  BJ,,0,,
309,DOSAGE DE L ERYTHROPOITEN,1,C  ERHT,,0,,
310,CARYOTYPE,1,X  CARY,,0,,
311,FIBROTEST,1,C  FIBA,,0,,
312,MUTATION GENE PROTHROMBIN,1,HS MUTA,,0,,
313,LEPTOSPIROSE,1,BM LEP,,0,,
314,SERO ROUGEOLE,1,I  ROUG,,0,,
315,HORMONE DE CROISSANCE,1,N  GH,,0,,
316,DOSAGE DE SANG DANS  LES,1,B  DSS,,0,,
317,FACTEUR VII (PROCONVERTIN,1,O  F7,,0,,
318,COPROPARASITOLOGIE DES SE,1,B  CPR2,,0,,
319,SERO RUBEOLE IGM,1,SE RUBM,,0,,
320,HEPATITE E IGM,1,S  HVEM,,0,,
321,RECHERCHE DE BK*3 + CULTU,1,B  BK3C,,0,,
322,HEPATITE E IGG,1,S  HVEG,,0,,
323,HEPATITE D,1,S  HBD,,0,,
324,INHIBINE B,1,N  INHB,,0,,
325,CHROMOSOME 21 AU 1EME TRI,1,MS TR1,,0,,